.pred,AvgPPTDist_Historic_Wtr_Year,AvgPPTDist_Historic_Wtr_Year_scaled,Geographic_Dist,Geographic_Dist_scaled,AvgTempDist_Historic_Wtr_Year,AvgTempDist_Historic_Wtr_Year_scaled,height.cm,height.cm_scaled
3.236159802944152,-1259.3,-1.7282221298664433,114926.57219347644,-1.7099723698865812e-15,5.386120274914089,5.608343114085842e-17,2.3515463917525774,-9.385390517449777e-17
3.233059562719681,-1258.3,-1.7231165992021407,114926.57219347644,-1.7099723698865812e-15,5.386120274914089,5.608343114085842e-17,2.3515463917525774,-9.385390517449777e-17
3.2299593224952097,-1257.3,-1.7180110685378378,114926.57219347644,-1.7099723698865812e-15,5.386120274914089,5.608343114085842e-17,2.3515463917525774,-9.385390517449777e-17
3.226859082270739,-1256.3,-1.7129055378735352,114926.57219347644,-1.7099723698865812e-15,5.386120274914089,5.608343114085842e-17,2.3515463917525774,-9.385390517449777e-17
3.2237588420462675,-1255.3,-1.7078000072092325,114926.57219347644,-1.7099723698865812e-15,5.386120274914089,5.608343114085842e-17,2.3515463917525774,-9.385390517449777e-17
3.2206586018217966,-1254.3,-1.70269447654493,114926.57219347644,-1.7099723698865812e-15,5.386120274914089,5.608343114085842e-17,2.3515463917525774,-9.385390517449777e-17
3.2175583615973253,-1253.3,-1.697588945880627,114926.57219347644,-1.7099723698865812e-15,5.386120274914089,5.608343114085842e-17,2.3515463917525774,-9.385390517449777e-17
3.2144581213728545,-1252.3,-1.6924834152163244,114926.57219347644,-1.7099723698865812e-15,5.386120274914089,5.608343114085842e-17,2.3515463917525774,-9.385390517449777e-17
3.211357881148383,-1251.3,-1.6873778845520218,114926.57219347644,-1.7099723698865812e-15,5.386120274914089,5.608343114085842e-17,2.3515463917525774,-9.385390517449777e-17
3.2082576409239123,-1250.3,-1.6822723538877191,114926.57219347644,-1.7099723698865812e-15,5.386120274914089,5.608343114085842e-17,2.3515463917525774,-9.385390517449777e-17
3.205157400699441,-1249.3,-1.6771668232234163,114926.57219347644,-1.7099723698865812e-15,5.386120274914089,5.608343114085842e-17,2.3515463917525774,-9.385390517449777e-17
3.20205716047497,-1248.3,-1.6720612925591136,114926.57219347644,-1.7099723698865812e-15,5.386120274914089,5.608343114085842e-17,2.3515463917525774,-9.385390517449777e-17
3.198956920250499,-1247.3,-1.666955761894811,114926.57219347644,-1.7099723698865812e-15,5.386120274914089,5.608343114085842e-17,2.3515463917525774,-9.385390517449777e-17
3.195856680026028,-1246.3,-1.6618502312305083,114926.57219347644,-1.7099723698865812e-15,5.386120274914089,5.608343114085842e-17,2.3515463917525774,-9.385390517449777e-17
3.1927564398015567,-1245.3,-1.6567447005662055,114926.57219347644,-1.7099723698865812e-15,5.386120274914089,5.608343114085842e-17,2.3515463917525774,-9.385390517449777e-17
3.189656199577086,-1244.3,-1.6516391699019028,114926.57219347644,-1.7099723698865812e-15,5.386120274914089,5.608343114085842e-17,2.3515463917525774,-9.385390517449777e-17
3.1865559593526145,-1243.3,-1.6465336392376002,114926.57219347644,-1.7099723698865812e-15,5.386120274914089,5.608343114085842e-17,2.3515463917525774,-9.385390517449777e-17
3.1834557191281436,-1242.3,-1.6414281085732976,114926.57219347644,-1.7099723698865812e-15,5.386120274914089,5.608343114085842e-17,2.3515463917525774,-9.385390517449777e-17
3.1803554789036723,-1241.3,-1.6363225779089947,114926.57219347644,-1.7099723698865812e-15,5.386120274914089,5.608343114085842e-17,2.3515463917525774,-9.385390517449777e-17
3.1772552386792015,-1240.3,-1.631217047244692,114926.57219347644,-1.7099723698865812e-15,5.386120274914089,5.608343114085842e-17,2.3515463917525774,-9.385390517449777e-17
3.1741549984547306,-1239.3,-1.6261115165803894,114926.57219347644,-1.7099723698865812e-15,5.386120274914089,5.608343114085842e-17,2.3515463917525774,-9.385390517449777e-17
3.1710547582302593,-1238.3,-1.6210059859160868,114926.57219347644,-1.7099723698865812e-15,5.386120274914089,5.608343114085842e-17,2.3515463917525774,-9.385390517449777e-17
3.167954518005788,-1237.3,-1.615900455251784,114926.57219347644,-1.7099723698865812e-15,5.386120274914089,5.608343114085842e-17,2.3515463917525774,-9.385390517449777e-17
3.164854277781317,-1236.3,-1.6107949245874813,114926.57219347644,-1.7099723698865812e-15,5.386120274914089,5.608343114085842e-17,2.3515463917525774,-9.385390517449777e-17
3.1617540375568463,-1235.3,-1.6056893939231787,114926.57219347644,-1.7099723698865812e-15,5.386120274914089,5.608343114085842e-17,2.3515463917525774,-9.385390517449777e-17
3.158653797332375,-1234.3,-1.600583863258876,114926.57219347644,-1.7099723698865812e-15,5.386120274914089,5.608343114085842e-17,2.3515463917525774,-9.385390517449777e-17
3.1555535571079036,-1233.3,-1.5954783325945732,114926.57219347644,-1.7099723698865812e-15,5.386120274914089,5.608343114085842e-17,2.3515463917525774,-9.385390517449777e-17
3.1524533168834328,-1232.3,-1.5903728019302705,114926.57219347644,-1.7099723698865812e-15,5.386120274914089,5.608343114085842e-17,2.3515463917525774,-9.385390517449777e-17
3.149353076658962,-1231.3,-1.585267271265968,114926.57219347644,-1.7099723698865812e-15,5.386120274914089,5.608343114085842e-17,2.3515463917525774,-9.385390517449777e-17
3.1462528364344906,-1230.3,-1.5801617406016653,114926.57219347644,-1.7099723698865812e-15,5.386120274914089,5.608343114085842e-17,2.3515463917525774,-9.385390517449777e-17
3.1431525962100197,-1229.3,-1.5750562099373624,114926.57219347644,-1.7099723698865812e-15,5.386120274914089,5.608343114085842e-17,2.3515463917525774,-9.385390517449777e-17
3.1400523559855484,-1228.3,-1.5699506792730598,114926.57219347644,-1.7099723698865812e-15,5.386120274914089,5.608343114085842e-17,2.3515463917525774,-9.385390517449777e-17
3.1369521157610776,-1227.3,-1.5648451486087571,114926.57219347644,-1.7099723698865812e-15,5.386120274914089,5.608343114085842e-17,2.3515463917525774,-9.385390517449777e-17
3.1338518755366063,-1226.3,-1.5597396179444545,114926.57219347644,-1.7099723698865812e-15,5.386120274914089,5.608343114085842e-17,2.3515463917525774,-9.385390517449777e-17
3.1307516353121354,-1225.3,-1.5546340872801516,114926.57219347644,-1.7099723698865812e-15,5.386120274914089,5.608343114085842e-17,2.3515463917525774,-9.385390517449777e-17
3.127651395087664,-1224.3,-1.549528556615849,114926.57219347644,-1.7099723698865812e-15,5.386120274914089,5.608343114085842e-17,2.3515463917525774,-9.385390517449777e-17
3.1245511548631932,-1223.3,-1.5444230259515463,114926.57219347644,-1.7099723698865812e-15,5.386120274914089,5.608343114085842e-17,2.3515463917525774,-9.385390517449777e-17
3.121450914638722,-1222.3,-1.5393174952872437,114926.57219347644,-1.7099723698865812e-15,5.386120274914089,5.608343114085842e-17,2.3515463917525774,-9.385390517449777e-17
3.118350674414251,-1221.3,-1.5342119646229408,114926.57219347644,-1.7099723698865812e-15,5.386120274914089,5.608343114085842e-17,2.3515463917525774,-9.385390517449777e-17
3.1152504341897798,-1220.3,-1.5291064339586382,114926.57219347644,-1.7099723698865812e-15,5.386120274914089,5.608343114085842e-17,2.3515463917525774,-9.385390517449777e-17
3.112150193965309,-1219.3,-1.5240009032943356,114926.57219347644,-1.7099723698865812e-15,5.386120274914089,5.608343114085842e-17,2.3515463917525774,-9.385390517449777e-17
3.109049953740838,-1218.3,-1.518895372630033,114926.57219347644,-1.7099723698865812e-15,5.386120274914089,5.608343114085842e-17,2.3515463917525774,-9.385390517449777e-17
3.1059497135163667,-1217.3,-1.51378984196573,114926.57219347644,-1.7099723698865812e-15,5.386120274914089,5.608343114085842e-17,2.3515463917525774,-9.385390517449777e-17
3.1028494732918954,-1216.3,-1.5086843113014274,114926.57219347644,-1.7099723698865812e-15,5.386120274914089,5.608343114085842e-17,2.3515463917525774,-9.385390517449777e-17
3.0997492330674246,-1215.3,-1.5035787806371248,114926.57219347644,-1.7099723698865812e-15,5.386120274914089,5.608343114085842e-17,2.3515463917525774,-9.385390517449777e-17
3.0966489928429537,-1214.3,-1.4984732499728222,114926.57219347644,-1.7099723698865812e-15,5.386120274914089,5.608343114085842e-17,2.3515463917525774,-9.385390517449777e-17
3.0935487526184824,-1213.3,-1.4933677193085193,114926.57219347644,-1.7099723698865812e-15,5.386120274914089,5.608343114085842e-17,2.3515463917525774,-9.385390517449777e-17
3.090448512394011,-1212.3,-1.4882621886442167,114926.57219347644,-1.7099723698865812e-15,5.386120274914089,5.608343114085842e-17,2.3515463917525774,-9.385390517449777e-17
3.08734827216954,-1211.3,-1.483156657979914,114926.57219347644,-1.7099723698865812e-15,5.386120274914089,5.608343114085842e-17,2.3515463917525774,-9.385390517449777e-17
3.0842480319450694,-1210.3,-1.4780511273156114,114926.57219347644,-1.7099723698865812e-15,5.386120274914089,5.608343114085842e-17,2.3515463917525774,-9.385390517449777e-17
3.081147791720598,-1209.3,-1.4729455966513085,114926.57219347644,-1.7099723698865812e-15,5.386120274914089,5.608343114085842e-17,2.3515463917525774,-9.385390517449777e-17
3.078047551496127,-1208.3,-1.467840065987006,114926.57219347644,-1.7099723698865812e-15,5.386120274914089,5.608343114085842e-17,2.3515463917525774,-9.385390517449777e-17
3.074947311271656,-1207.3,-1.4627345353227033,114926.57219347644,-1.7099723698865812e-15,5.386120274914089,5.608343114085842e-17,2.3515463917525774,-9.385390517449777e-17
3.071847071047185,-1206.3,-1.4576290046584006,114926.57219347644,-1.7099723698865812e-15,5.386120274914089,5.608343114085842e-17,2.3515463917525774,-9.385390517449777e-17
3.0687468308227137,-1205.3,-1.4525234739940978,114926.57219347644,-1.7099723698865812e-15,5.386120274914089,5.608343114085842e-17,2.3515463917525774,-9.385390517449777e-17
3.065646590598243,-1204.3,-1.4474179433297951,114926.57219347644,-1.7099723698865812e-15,5.386120274914089,5.608343114085842e-17,2.3515463917525774,-9.385390517449777e-17
3.0625463503737715,-1203.3,-1.4423124126654925,114926.57219347644,-1.7099723698865812e-15,5.386120274914089,5.608343114085842e-17,2.3515463917525774,-9.385390517449777e-17
3.0594461101493007,-1202.3,-1.4372068820011898,114926.57219347644,-1.7099723698865812e-15,5.386120274914089,5.608343114085842e-17,2.3515463917525774,-9.385390517449777e-17
3.0563458699248294,-1201.3,-1.432101351336887,114926.57219347644,-1.7099723698865812e-15,5.386120274914089,5.608343114085842e-17,2.3515463917525774,-9.385390517449777e-17
3.0532456297003585,-1200.3,-1.4269958206725843,114926.57219347644,-1.7099723698865812e-15,5.386120274914089,5.608343114085842e-17,2.3515463917525774,-9.385390517449777e-17
3.050145389475887,-1199.3,-1.4218902900082817,114926.57219347644,-1.7099723698865812e-15,5.386120274914089,5.608343114085842e-17,2.3515463917525774,-9.385390517449777e-17
3.0470451492514163,-1198.3,-1.416784759343979,114926.57219347644,-1.7099723698865812e-15,5.386120274914089,5.608343114085842e-17,2.3515463917525774,-9.385390517449777e-17
3.043944909026945,-1197.3,-1.4116792286796762,114926.57219347644,-1.7099723698865812e-15,5.386120274914089,5.608343114085842e-17,2.3515463917525774,-9.385390517449777e-17
3.040844668802474,-1196.3,-1.4065736980153736,114926.57219347644,-1.7099723698865812e-15,5.386120274914089,5.608343114085842e-17,2.3515463917525774,-9.385390517449777e-17
3.037744428578003,-1195.3,-1.401468167351071,114926.57219347644,-1.7099723698865812e-15,5.386120274914089,5.608343114085842e-17,2.3515463917525774,-9.385390517449777e-17
3.034644188353532,-1194.3,-1.3963626366867683,114926.57219347644,-1.7099723698865812e-15,5.386120274914089,5.608343114085842e-17,2.3515463917525774,-9.385390517449777e-17
3.0315439481290607,-1193.3,-1.3912571060224654,114926.57219347644,-1.7099723698865812e-15,5.386120274914089,5.608343114085842e-17,2.3515463917525774,-9.385390517449777e-17
3.02844370790459,-1192.3,-1.3861515753581628,114926.57219347644,-1.7099723698865812e-15,5.386120274914089,5.608343114085842e-17,2.3515463917525774,-9.385390517449777e-17
3.0253434676801185,-1191.3,-1.3810460446938602,114926.57219347644,-1.7099723698865812e-15,5.386120274914089,5.608343114085842e-17,2.3515463917525774,-9.385390517449777e-17
3.0222432274556477,-1190.3,-1.3759405140295573,114926.57219347644,-1.7099723698865812e-15,5.386120274914089,5.608343114085842e-17,2.3515463917525774,-9.385390517449777e-17
3.0191429872311764,-1189.3,-1.3708349833652547,114926.57219347644,-1.7099723698865812e-15,5.386120274914089,5.608343114085842e-17,2.3515463917525774,-9.385390517449777e-17
3.0160427470067055,-1188.3,-1.365729452700952,114926.57219347644,-1.7099723698865812e-15,5.386120274914089,5.608343114085842e-17,2.3515463917525774,-9.385390517449777e-17
3.0129425067822346,-1187.3,-1.3606239220366494,114926.57219347644,-1.7099723698865812e-15,5.386120274914089,5.608343114085842e-17,2.3515463917525774,-9.385390517449777e-17
3.0098422665577633,-1186.3,-1.3555183913723465,114926.57219347644,-1.7099723698865812e-15,5.386120274914089,5.608343114085842e-17,2.3515463917525774,-9.385390517449777e-17
3.006742026333292,-1185.3,-1.350412860708044,114926.57219347644,-1.7099723698865812e-15,5.386120274914089,5.608343114085842e-17,2.3515463917525774,-9.385390517449777e-17
3.003641786108821,-1184.3,-1.3453073300437413,114926.57219347644,-1.7099723698865812e-15,5.386120274914089,5.608343114085842e-17,2.3515463917525774,-9.385390517449777e-17
3.0005415458843503,-1183.3,-1.3402017993794386,114926.57219347644,-1.7099723698865812e-15,5.386120274914089,5.608343114085842e-17,2.3515463917525774,-9.385390517449777e-17
2.997441305659879,-1182.3,-1.3350962687151358,114926.57219347644,-1.7099723698865812e-15,5.386120274914089,5.608343114085842e-17,2.3515463917525774,-9.385390517449777e-17
2.9943410654354077,-1181.3,-1.3299907380508331,114926.57219347644,-1.7099723698865812e-15,5.386120274914089,5.608343114085842e-17,2.3515463917525774,-9.385390517449777e-17
2.991240825210937,-1180.3,-1.3248852073865305,114926.57219347644,-1.7099723698865812e-15,5.386120274914089,5.608343114085842e-17,2.3515463917525774,-9.385390517449777e-17
2.988140584986466,-1179.3,-1.3197796767222278,114926.57219347644,-1.7099723698865812e-15,5.386120274914089,5.608343114085842e-17,2.3515463917525774,-9.385390517449777e-17
2.9850403447619946,-1178.3,-1.314674146057925,114926.57219347644,-1.7099723698865812e-15,5.386120274914089,5.608343114085842e-17,2.3515463917525774,-9.385390517449777e-17
2.981940104537524,-1177.3,-1.3095686153936223,114926.57219347644,-1.7099723698865812e-15,5.386120274914089,5.608343114085842e-17,2.3515463917525774,-9.385390517449777e-17
2.9788398643130525,-1176.3,-1.3044630847293197,114926.57219347644,-1.7099723698865812e-15,5.386120274914089,5.608343114085842e-17,2.3515463917525774,-9.385390517449777e-17
2.9757396240885816,-1175.3,-1.299357554065017,114926.57219347644,-1.7099723698865812e-15,5.386120274914089,5.608343114085842e-17,2.3515463917525774,-9.385390517449777e-17
2.9726393838641103,-1174.3,-1.2942520234007142,114926.57219347644,-1.7099723698865812e-15,5.386120274914089,5.608343114085842e-17,2.3515463917525774,-9.385390517449777e-17
2.9695391436396394,-1173.3,-1.2891464927364116,114926.57219347644,-1.7099723698865812e-15,5.386120274914089,5.608343114085842e-17,2.3515463917525774,-9.385390517449777e-17
2.966438903415168,-1172.3,-1.284040962072109,114926.57219347644,-1.7099723698865812e-15,5.386120274914089,5.608343114085842e-17,2.3515463917525774,-9.385390517449777e-17
2.9633386631906973,-1171.3,-1.2789354314078063,114926.57219347644,-1.7099723698865812e-15,5.386120274914089,5.608343114085842e-17,2.3515463917525774,-9.385390517449777e-17
2.960238422966226,-1170.3,-1.2738299007435034,114926.57219347644,-1.7099723698865812e-15,5.386120274914089,5.608343114085842e-17,2.3515463917525774,-9.385390517449777e-17
2.957138182741755,-1169.3,-1.2687243700792008,114926.57219347644,-1.7099723698865812e-15,5.386120274914089,5.608343114085842e-17,2.3515463917525774,-9.385390517449777e-17
2.954037942517284,-1168.3,-1.2636188394148982,114926.57219347644,-1.7099723698865812e-15,5.386120274914089,5.608343114085842e-17,2.3515463917525774,-9.385390517449777e-17
2.950937702292813,-1167.3,-1.2585133087505955,114926.57219347644,-1.7099723698865812e-15,5.386120274914089,5.608343114085842e-17,2.3515463917525774,-9.385390517449777e-17
2.9478374620683416,-1166.3,-1.2534077780862927,114926.57219347644,-1.7099723698865812e-15,5.386120274914089,5.608343114085842e-17,2.3515463917525774,-9.385390517449777e-17
2.9447372218438708,-1165.3,-1.24830224742199,114926.57219347644,-1.7099723698865812e-15,5.386120274914089,5.608343114085842e-17,2.3515463917525774,-9.385390517449777e-17
2.9416369816193995,-1164.3,-1.2431967167576874,114926.57219347644,-1.7099723698865812e-15,5.386120274914089,5.608343114085842e-17,2.3515463917525774,-9.385390517449777e-17
2.9385367413949286,-1163.3,-1.2380911860933848,114926.57219347644,-1.7099723698865812e-15,5.386120274914089,5.608343114085842e-17,2.3515463917525774,-9.385390517449777e-17
2.9354365011704573,-1162.3,-1.232985655429082,114926.57219347644,-1.7099723698865812e-15,5.386120274914089,5.608343114085842e-17,2.3515463917525774,-9.385390517449777e-17
2.9323362609459864,-1161.3,-1.2278801247647793,114926.57219347644,-1.7099723698865812e-15,5.386120274914089,5.608343114085842e-17,2.3515463917525774,-9.385390517449777e-17
2.929236020721515,-1160.3,-1.2227745941004766,114926.57219347644,-1.7099723698865812e-15,5.386120274914089,5.608343114085842e-17,2.3515463917525774,-9.385390517449777e-17
2.9261357804970443,-1159.3,-1.217669063436174,114926.57219347644,-1.7099723698865812e-15,5.386120274914089,5.608343114085842e-17,2.3515463917525774,-9.385390517449777e-17
2.923035540272573,-1158.3,-1.2125635327718711,114926.57219347644,-1.7099723698865812e-15,5.386120274914089,5.608343114085842e-17,2.3515463917525774,-9.385390517449777e-17
2.919935300048102,-1157.3,-1.2074580021075685,114926.57219347644,-1.7099723698865812e-15,5.386120274914089,5.608343114085842e-17,2.3515463917525774,-9.385390517449777e-17
2.9168350598236312,-1156.3,-1.2023524714432658,114926.57219347644,-1.7099723698865812e-15,5.386120274914089,5.608343114085842e-17,2.3515463917525774,-9.385390517449777e-17
2.91373481959916,-1155.3,-1.1972469407789632,114926.57219347644,-1.7099723698865812e-15,5.386120274914089,5.608343114085842e-17,2.3515463917525774,-9.385390517449777e-17
2.9106345793746886,-1154.3,-1.1921414101146603,114926.57219347644,-1.7099723698865812e-15,5.386120274914089,5.608343114085842e-17,2.3515463917525774,-9.385390517449777e-17
2.9075343391502178,-1153.3,-1.1870358794503577,114926.57219347644,-1.7099723698865812e-15,5.386120274914089,5.608343114085842e-17,2.3515463917525774,-9.385390517449777e-17
2.904434098925747,-1152.3,-1.181930348786055,114926.57219347644,-1.7099723698865812e-15,5.386120274914089,5.608343114085842e-17,2.3515463917525774,-9.385390517449777e-17
2.9013338587012756,-1151.3,-1.1768248181217524,114926.57219347644,-1.7099723698865812e-15,5.386120274914089,5.608343114085842e-17,2.3515463917525774,-9.385390517449777e-17
2.8982336184768047,-1150.3,-1.1717192874574496,114926.57219347644,-1.7099723698865812e-15,5.386120274914089,5.608343114085842e-17,2.3515463917525774,-9.385390517449777e-17
2.8951333782523334,-1149.3,-1.166613756793147,114926.57219347644,-1.7099723698865812e-15,5.386120274914089,5.608343114085842e-17,2.3515463917525774,-9.385390517449777e-17
2.8920331380278625,-1148.3,-1.1615082261288443,114926.57219347644,-1.7099723698865812e-15,5.386120274914089,5.608343114085842e-17,2.3515463917525774,-9.385390517449777e-17
2.8889328978033912,-1147.3,-1.1564026954645417,114926.57219347644,-1.7099723698865812e-15,5.386120274914089,5.608343114085842e-17,2.3515463917525774,-9.385390517449777e-17
2.8858326575789204,-1146.3,-1.1512971648002388,114926.57219347644,-1.7099723698865812e-15,5.386120274914089,5.608343114085842e-17,2.3515463917525774,-9.385390517449777e-17
2.882732417354449,-1145.3,-1.1461916341359362,114926.57219347644,-1.7099723698865812e-15,5.386120274914089,5.608343114085842e-17,2.3515463917525774,-9.385390517449777e-17
2.879632177129978,-1144.3,-1.1410861034716335,114926.57219347644,-1.7099723698865812e-15,5.386120274914089,5.608343114085842e-17,2.3515463917525774,-9.385390517449777e-17
2.876531936905507,-1143.3,-1.135980572807331,114926.57219347644,-1.7099723698865812e-15,5.386120274914089,5.608343114085842e-17,2.3515463917525774,-9.385390517449777e-17
2.873431696681036,-1142.3,-1.130875042143028,114926.57219347644,-1.7099723698865812e-15,5.386120274914089,5.608343114085842e-17,2.3515463917525774,-9.385390517449777e-17
2.8703314564565647,-1141.3,-1.1257695114787254,114926.57219347644,-1.7099723698865812e-15,5.386120274914089,5.608343114085842e-17,2.3515463917525774,-9.385390517449777e-17
2.867231216232094,-1140.3,-1.1206639808144228,114926.57219347644,-1.7099723698865812e-15,5.386120274914089,5.608343114085842e-17,2.3515463917525774,-9.385390517449777e-17
2.8641309760076226,-1139.3,-1.1155584501501201,114926.57219347644,-1.7099723698865812e-15,5.386120274914089,5.608343114085842e-17,2.3515463917525774,-9.385390517449777e-17
2.8610307357831517,-1138.3,-1.1104529194858173,114926.57219347644,-1.7099723698865812e-15,5.386120274914089,5.608343114085842e-17,2.3515463917525774,-9.385390517449777e-17
2.8579304955586804,-1137.3,-1.1053473888215146,114926.57219347644,-1.7099723698865812e-15,5.386120274914089,5.608343114085842e-17,2.3515463917525774,-9.385390517449777e-17
2.8548302553342095,-1136.3,-1.100241858157212,114926.57219347644,-1.7099723698865812e-15,5.386120274914089,5.608343114085842e-17,2.3515463917525774,-9.385390517449777e-17
2.8517300151097387,-1135.3,-1.0951363274929093,114926.57219347644,-1.7099723698865812e-15,5.386120274914089,5.608343114085842e-17,2.3515463917525774,-9.385390517449777e-17
2.8486297748852674,-1134.3,-1.0900307968286065,114926.57219347644,-1.7099723698865812e-15,5.386120274914089,5.608343114085842e-17,2.3515463917525774,-9.385390517449777e-17
2.845529534660796,-1133.3,-1.0849252661643038,114926.57219347644,-1.7099723698865812e-15,5.386120274914089,5.608343114085842e-17,2.3515463917525774,-9.385390517449777e-17
2.842429294436325,-1132.3,-1.0798197355000012,114926.57219347644,-1.7099723698865812e-15,5.386120274914089,5.608343114085842e-17,2.3515463917525774,-9.385390517449777e-17
2.8393290542118543,-1131.3,-1.0747142048356986,114926.57219347644,-1.7099723698865812e-15,5.386120274914089,5.608343114085842e-17,2.3515463917525774,-9.385390517449777e-17
2.836228813987383,-1130.3,-1.0696086741713957,114926.57219347644,-1.7099723698865812e-15,5.386120274914089,5.608343114085842e-17,2.3515463917525774,-9.385390517449777e-17
2.8331285737629117,-1129.3,-1.064503143507093,114926.57219347644,-1.7099723698865812e-15,5.386120274914089,5.608343114085842e-17,2.3515463917525774,-9.385390517449777e-17
2.830028333538441,-1128.3,-1.0593976128427904,114926.57219347644,-1.7099723698865812e-15,5.386120274914089,5.608343114085842e-17,2.3515463917525774,-9.385390517449777e-17
2.82692809331397,-1127.3,-1.0542920821784878,114926.57219347644,-1.7099723698865812e-15,5.386120274914089,5.608343114085842e-17,2.3515463917525774,-9.385390517449777e-17
2.8238278530894987,-1126.3,-1.049186551514185,114926.57219347644,-1.7099723698865812e-15,5.386120274914089,5.608343114085842e-17,2.3515463917525774,-9.385390517449777e-17
2.820727612865028,-1125.3,-1.0440810208498823,114926.57219347644,-1.7099723698865812e-15,5.386120274914089,5.608343114085842e-17,2.3515463917525774,-9.385390517449777e-17
2.8176273726405565,-1124.3,-1.0389754901855797,114926.57219347644,-1.7099723698865812e-15,5.386120274914089,5.608343114085842e-17,2.3515463917525774,-9.385390517449777e-17
2.8145271324160857,-1123.3,-1.033869959521277,114926.57219347644,-1.7099723698865812e-15,5.386120274914089,5.608343114085842e-17,2.3515463917525774,-9.385390517449777e-17
2.8114268921916143,-1122.3,-1.0287644288569742,114926.57219347644,-1.7099723698865812e-15,5.386120274914089,5.608343114085842e-17,2.3515463917525774,-9.385390517449777e-17
2.8083266519671435,-1121.3,-1.0236588981926715,114926.57219347644,-1.7099723698865812e-15,5.386120274914089,5.608343114085842e-17,2.3515463917525774,-9.385390517449777e-17
2.805226411742672,-1120.3,-1.018553367528369,114926.57219347644,-1.7099723698865812e-15,5.386120274914089,5.608343114085842e-17,2.3515463917525774,-9.385390517449777e-17
2.8021261715182013,-1119.3,-1.0134478368640663,114926.57219347644,-1.7099723698865812e-15,5.386120274914089,5.608343114085842e-17,2.3515463917525774,-9.385390517449777e-17
2.79902593129373,-1118.3,-1.0083423061997634,114926.57219347644,-1.7099723698865812e-15,5.386120274914089,5.608343114085842e-17,2.3515463917525774,-9.385390517449777e-17
2.795925691069259,-1117.3,-1.0032367755354608,114926.57219347644,-1.7099723698865812e-15,5.386120274914089,5.608343114085842e-17,2.3515463917525774,-9.385390517449777e-17
2.792825450844788,-1116.3,-0.9981312448711581,114926.57219347644,-1.7099723698865812e-15,5.386120274914089,5.608343114085842e-17,2.3515463917525774,-9.385390517449777e-17
2.789725210620317,-1115.3,-0.9930257142068554,114926.57219347644,-1.7099723698865812e-15,5.386120274914089,5.608343114085842e-17,2.3515463917525774,-9.385390517449777e-17
2.7866249703958457,-1114.3,-0.9879201835425527,114926.57219347644,-1.7099723698865812e-15,5.386120274914089,5.608343114085842e-17,2.3515463917525774,-9.385390517449777e-17
2.783524730171375,-1113.3,-0.98281465287825,114926.57219347644,-1.7099723698865812e-15,5.386120274914089,5.608343114085842e-17,2.3515463917525774,-9.385390517449777e-17
2.7804244899469035,-1112.3,-0.9777091222139473,114926.57219347644,-1.7099723698865812e-15,5.386120274914089,5.608343114085842e-17,2.3515463917525774,-9.385390517449777e-17
2.7773242497224326,-1111.3,-0.9726035915496446,114926.57219347644,-1.7099723698865812e-15,5.386120274914089,5.608343114085842e-17,2.3515463917525774,-9.385390517449777e-17
2.7742240094979613,-1110.3,-0.967498060885342,114926.57219347644,-1.7099723698865812e-15,5.386120274914089,5.608343114085842e-17,2.3515463917525774,-9.385390517449777e-17
2.7711237692734905,-1109.3,-0.9623925302210392,114926.57219347644,-1.7099723698865812e-15,5.386120274914089,5.608343114085842e-17,2.3515463917525774,-9.385390517449777e-17
2.768023529049019,-1108.3,-0.9572869995567366,114926.57219347644,-1.7099723698865812e-15,5.386120274914089,5.608343114085842e-17,2.3515463917525774,-9.385390517449777e-17
2.7649232888245483,-1107.3,-0.9521814688924338,114926.57219347644,-1.7099723698865812e-15,5.386120274914089,5.608343114085842e-17,2.3515463917525774,-9.385390517449777e-17
2.7618230486000774,-1106.3,-0.9470759382281312,114926.57219347644,-1.7099723698865812e-15,5.386120274914089,5.608343114085842e-17,2.3515463917525774,-9.385390517449777e-17
2.758722808375606,-1105.3,-0.9419704075638284,114926.57219347644,-1.7099723698865812e-15,5.386120274914089,5.608343114085842e-17,2.3515463917525774,-9.385390517449777e-17
2.7556225681511353,-1104.3,-0.9368648768995258,114926.57219347644,-1.7099723698865812e-15,5.386120274914089,5.608343114085842e-17,2.3515463917525774,-9.385390517449777e-17
2.752522327926664,-1103.3,-0.931759346235223,114926.57219347644,-1.7099723698865812e-15,5.386120274914089,5.608343114085842e-17,2.3515463917525774,-9.385390517449777e-17
2.7494220877021927,-1102.3,-0.9266538155709203,114926.57219347644,-1.7099723698865812e-15,5.386120274914089,5.608343114085842e-17,2.3515463917525774,-9.385390517449777e-17
2.746321847477722,-1101.3,-0.9215482849066177,114926.57219347644,-1.7099723698865812e-15,5.386120274914089,5.608343114085842e-17,2.3515463917525774,-9.385390517449777e-17
2.7432216072532505,-1100.3,-0.9164427542423149,114926.57219347644,-1.7099723698865812e-15,5.386120274914089,5.608343114085842e-17,2.3515463917525774,-9.385390517449777e-17
2.7401213670287796,-1099.3,-0.9113372235780123,114926.57219347644,-1.7099723698865812e-15,5.386120274914089,5.608343114085842e-17,2.3515463917525774,-9.385390517449777e-17
2.7370211268043088,-1098.3,-0.9062316929137095,114926.57219347644,-1.7099723698865812e-15,5.386120274914089,5.608343114085842e-17,2.3515463917525774,-9.385390517449777e-17
2.7339208865798375,-1097.3,-0.9011261622494069,114926.57219347644,-1.7099723698865812e-15,5.386120274914089,5.608343114085842e-17,2.3515463917525774,-9.385390517449777e-17
2.7308206463553666,-1096.3,-0.8960206315851041,114926.57219347644,-1.7099723698865812e-15,5.386120274914089,5.608343114085842e-17,2.3515463917525774,-9.385390517449777e-17
2.7277204061308953,-1095.3,-0.8909151009208015,114926.57219347644,-1.7099723698865812e-15,5.386120274914089,5.608343114085842e-17,2.3515463917525774,-9.385390517449777e-17
2.7246201659064244,-1094.3,-0.8858095702564988,114926.57219347644,-1.7099723698865812e-15,5.386120274914089,5.608343114085842e-17,2.3515463917525774,-9.385390517449777e-17
2.721519925681953,-1093.3,-0.8807040395921961,114926.57219347644,-1.7099723698865812e-15,5.386120274914089,5.608343114085842e-17,2.3515463917525774,-9.385390517449777e-17
2.7184196854574822,-1092.3,-0.8755985089278934,114926.57219347644,-1.7099723698865812e-15,5.386120274914089,5.608343114085842e-17,2.3515463917525774,-9.385390517449777e-17
2.715319445233011,-1091.3,-0.8704929782635907,114926.57219347644,-1.7099723698865812e-15,5.386120274914089,5.608343114085842e-17,2.3515463917525774,-9.385390517449777e-17
2.71221920500854,-1090.3,-0.865387447599288,114926.57219347644,-1.7099723698865812e-15,5.386120274914089,5.608343114085842e-17,2.3515463917525774,-9.385390517449777e-17
2.7091189647840688,-1089.3,-0.8602819169349853,114926.57219347644,-1.7099723698865812e-15,5.386120274914089,5.608343114085842e-17,2.3515463917525774,-9.385390517449777e-17
2.706018724559598,-1088.3,-0.8551763862706826,114926.57219347644,-1.7099723698865812e-15,5.386120274914089,5.608343114085842e-17,2.3515463917525774,-9.385390517449777e-17
2.7029184843351266,-1087.3,-0.85007085560638,114926.57219347644,-1.7099723698865812e-15,5.386120274914089,5.608343114085842e-17,2.3515463917525774,-9.385390517449777e-17
2.6998182441106557,-1086.3,-0.8449653249420772,114926.57219347644,-1.7099723698865812e-15,5.386120274914089,5.608343114085842e-17,2.3515463917525774,-9.385390517449777e-17
2.6967180038861844,-1085.3,-0.8398597942777746,114926.57219347644,-1.7099723698865812e-15,5.386120274914089,5.608343114085842e-17,2.3515463917525774,-9.385390517449777e-17
2.6936177636617136,-1084.3,-0.8347542636134718,114926.57219347644,-1.7099723698865812e-15,5.386120274914089,5.608343114085842e-17,2.3515463917525774,-9.385390517449777e-17
2.6905175234372423,-1083.3,-0.8296487329491692,114926.57219347644,-1.7099723698865812e-15,5.386120274914089,5.608343114085842e-17,2.3515463917525774,-9.385390517449777e-17
2.6874172832127714,-1082.3,-0.8245432022848664,114926.57219347644,-1.7099723698865812e-15,5.386120274914089,5.608343114085842e-17,2.3515463917525774,-9.385390517449777e-17
2.6843170429883,-1081.3,-0.8194376716205638,114926.57219347644,-1.7099723698865812e-15,5.386120274914089,5.608343114085842e-17,2.3515463917525774,-9.385390517449777e-17
2.6812168027638292,-1080.3,-0.814332140956261,114926.57219347644,-1.7099723698865812e-15,5.386120274914089,5.608343114085842e-17,2.3515463917525774,-9.385390517449777e-17
2.678116562539358,-1079.3,-0.8092266102919584,114926.57219347644,-1.7099723698865812e-15,5.386120274914089,5.608343114085842e-17,2.3515463917525774,-9.385390517449777e-17
2.675016322314887,-1078.3,-0.8041210796276557,114926.57219347644,-1.7099723698865812e-15,5.386120274914089,5.608343114085842e-17,2.3515463917525774,-9.385390517449777e-17
2.6719160820904158,-1077.3,-0.799015548963353,114926.57219347644,-1.7099723698865812e-15,5.386120274914089,5.608343114085842e-17,2.3515463917525774,-9.385390517449777e-17
2.668815841865945,-1076.3,-0.7939100182990503,114926.57219347644,-1.7099723698865812e-15,5.386120274914089,5.608343114085842e-17,2.3515463917525774,-9.385390517449777e-17
2.665715601641474,-1075.3,-0.7888044876347476,114926.57219347644,-1.7099723698865812e-15,5.386120274914089,5.608343114085842e-17,2.3515463917525774,-9.385390517449777e-17
2.6626153614170027,-1074.3,-0.7836989569704449,114926.57219347644,-1.7099723698865812e-15,5.386120274914089,5.608343114085842e-17,2.3515463917525774,-9.385390517449777e-17
2.659515121192532,-1073.3,-0.7785934263061423,114926.57219347644,-1.7099723698865812e-15,5.386120274914089,5.608343114085842e-17,2.3515463917525774,-9.385390517449777e-17
2.6564148809680606,-1072.3,-0.7734878956418395,114926.57219347644,-1.7099723698865812e-15,5.386120274914089,5.608343114085842e-17,2.3515463917525774,-9.385390517449777e-17
2.6533146407435897,-1071.3,-0.7683823649775369,114926.57219347644,-1.7099723698865812e-15,5.386120274914089,5.608343114085842e-17,2.3515463917525774,-9.385390517449777e-17
2.6502144005191184,-1070.3,-0.7632768343132341,114926.57219347644,-1.7099723698865812e-15,5.386120274914089,5.608343114085842e-17,2.3515463917525774,-9.385390517449777e-17
2.6471141602946475,-1069.3,-0.7581713036489315,114926.57219347644,-1.7099723698865812e-15,5.386120274914089,5.608343114085842e-17,2.3515463917525774,-9.385390517449777e-17
2.644013920070176,-1068.3,-0.7530657729846287,114926.57219347644,-1.7099723698865812e-15,5.386120274914089,5.608343114085842e-17,2.3515463917525774,-9.385390517449777e-17
2.6409136798457054,-1067.3,-0.7479602423203261,114926.57219347644,-1.7099723698865812e-15,5.386120274914089,5.608343114085842e-17,2.3515463917525774,-9.385390517449777e-17
2.637813439621234,-1066.3,-0.7428547116560233,114926.57219347644,-1.7099723698865812e-15,5.386120274914089,5.608343114085842e-17,2.3515463917525774,-9.385390517449777e-17
2.634713199396763,-1065.3,-0.7377491809917207,114926.57219347644,-1.7099723698865812e-15,5.386120274914089,5.608343114085842e-17,2.3515463917525774,-9.385390517449777e-17
2.631612959172292,-1064.3,-0.732643650327418,114926.57219347644,-1.7099723698865812e-15,5.386120274914089,5.608343114085842e-17,2.3515463917525774,-9.385390517449777e-17
2.628512718947821,-1063.3,-0.7275381196631153,114926.57219347644,-1.7099723698865812e-15,5.386120274914089,5.608343114085842e-17,2.3515463917525774,-9.385390517449777e-17
2.6254124787233497,-1062.3,-0.7224325889988126,114926.57219347644,-1.7099723698865812e-15,5.386120274914089,5.608343114085842e-17,2.3515463917525774,-9.385390517449777e-17
2.622312238498879,-1061.3,-0.7173270583345099,114926.57219347644,-1.7099723698865812e-15,5.386120274914089,5.608343114085842e-17,2.3515463917525774,-9.385390517449777e-17
2.6192119982744075,-1060.3,-0.7122215276702072,114926.57219347644,-1.7099723698865812e-15,5.386120274914089,5.608343114085842e-17,2.3515463917525774,-9.385390517449777e-17
2.6161117580499367,-1059.3,-0.7071159970059046,114926.57219347644,-1.7099723698865812e-15,5.386120274914089,5.608343114085842e-17,2.3515463917525774,-9.385390517449777e-17
2.6130115178254654,-1058.3,-0.7020104663416018,114926.57219347644,-1.7099723698865812e-15,5.386120274914089,5.608343114085842e-17,2.3515463917525774,-9.385390517449777e-17
2.6099112776009945,-1057.3,-0.6969049356772992,114926.57219347644,-1.7099723698865812e-15,5.386120274914089,5.608343114085842e-17,2.3515463917525774,-9.385390517449777e-17
2.606811037376523,-1056.3,-0.6917994050129964,114926.57219347644,-1.7099723698865812e-15,5.386120274914089,5.608343114085842e-17,2.3515463917525774,-9.385390517449777e-17
2.6037107971520523,-1055.3,-0.6866938743486938,114926.57219347644,-1.7099723698865812e-15,5.386120274914089,5.608343114085842e-17,2.3515463917525774,-9.385390517449777e-17
2.600610556927581,-1054.3,-0.681588343684391,114926.57219347644,-1.7099723698865812e-15,5.386120274914089,5.608343114085842e-17,2.3515463917525774,-9.385390517449777e-17
2.59751031670311,-1053.3,-0.6764828130200884,114926.57219347644,-1.7099723698865812e-15,5.386120274914089,5.608343114085842e-17,2.3515463917525774,-9.385390517449777e-17
2.594410076478639,-1052.3,-0.6713772823557856,114926.57219347644,-1.7099723698865812e-15,5.386120274914089,5.608343114085842e-17,2.3515463917525774,-9.385390517449777e-17
2.591309836254168,-1051.3,-0.666271751691483,114926.57219347644,-1.7099723698865812e-15,5.386120274914089,5.608343114085842e-17,2.3515463917525774,-9.385390517449777e-17
2.5882095960296967,-1050.3,-0.6611662210271803,114926.57219347644,-1.7099723698865812e-15,5.386120274914089,5.608343114085842e-17,2.3515463917525774,-9.385390517449777e-17
2.585109355805226,-1049.3,-0.6560606903628776,114926.57219347644,-1.7099723698865812e-15,5.386120274914089,5.608343114085842e-17,2.3515463917525774,-9.385390517449777e-17
2.5820091155807545,-1048.3,-0.6509551596985749,114926.57219347644,-1.7099723698865812e-15,5.386120274914089,5.608343114085842e-17,2.3515463917525774,-9.385390517449777e-17
2.5789088753562837,-1047.3,-0.6458496290342722,114926.57219347644,-1.7099723698865812e-15,5.386120274914089,5.608343114085842e-17,2.3515463917525774,-9.385390517449777e-17
2.575808635131813,-1046.3,-0.6407440983699695,114926.57219347644,-1.7099723698865812e-15,5.386120274914089,5.608343114085842e-17,2.3515463917525774,-9.385390517449777e-17
2.5727083949073415,-1045.3,-0.6356385677056668,114926.57219347644,-1.7099723698865812e-15,5.386120274914089,5.608343114085842e-17,2.3515463917525774,-9.385390517449777e-17
2.5696081546828706,-1044.3,-0.6305330370413641,114926.57219347644,-1.7099723698865812e-15,5.386120274914089,5.608343114085842e-17,2.3515463917525774,-9.385390517449777e-17
2.5665079144583993,-1043.3,-0.6254275063770615,114926.57219347644,-1.7099723698865812e-15,5.386120274914089,5.608343114085842e-17,2.3515463917525774,-9.385390517449777e-17
2.5634076742339285,-1042.3,-0.6203219757127587,114926.57219347644,-1.7099723698865812e-15,5.386120274914089,5.608343114085842e-17,2.3515463917525774,-9.385390517449777e-17
2.560307434009457,-1041.3,-0.6152164450484561,114926.57219347644,-1.7099723698865812e-15,5.386120274914089,5.608343114085842e-17,2.3515463917525774,-9.385390517449777e-17
2.5572071937849863,-1040.3,-0.6101109143841533,114926.57219347644,-1.7099723698865812e-15,5.386120274914089,5.608343114085842e-17,2.3515463917525774,-9.385390517449777e-17
2.554106953560515,-1039.3,-0.6050053837198507,114926.57219347644,-1.7099723698865812e-15,5.386120274914089,5.608343114085842e-17,2.3515463917525774,-9.385390517449777e-17
2.551006713336044,-1038.3,-0.5998998530555479,114926.57219347644,-1.7099723698865812e-15,5.386120274914089,5.608343114085842e-17,2.3515463917525774,-9.385390517449777e-17
2.547906473111573,-1037.3,-0.5947943223912453,114926.57219347644,-1.7099723698865812e-15,5.386120274914089,5.608343114085842e-17,2.3515463917525774,-9.385390517449777e-17
2.544806232887102,-1036.3,-0.5896887917269426,114926.57219347644,-1.7099723698865812e-15,5.386120274914089,5.608343114085842e-17,2.3515463917525774,-9.385390517449777e-17
2.5417059926626306,-1035.3,-0.5845832610626399,114926.57219347644,-1.7099723698865812e-15,5.386120274914089,5.608343114085842e-17,2.3515463917525774,-9.385390517449777e-17
2.53860575243816,-1034.3,-0.5794777303983372,114926.57219347644,-1.7099723698865812e-15,5.386120274914089,5.608343114085842e-17,2.3515463917525774,-9.385390517449777e-17
2.5355055122136885,-1033.3,-0.5743721997340345,114926.57219347644,-1.7099723698865812e-15,5.386120274914089,5.608343114085842e-17,2.3515463917525774,-9.385390517449777e-17
2.5324052719892176,-1032.3,-0.5692666690697318,114926.57219347644,-1.7099723698865812e-15,5.386120274914089,5.608343114085842e-17,2.3515463917525774,-9.385390517449777e-17
2.5293050317647463,-1031.3,-0.5641611384054291,114926.57219347644,-1.7099723698865812e-15,5.386120274914089,5.608343114085842e-17,2.3515463917525774,-9.385390517449777e-17
2.5262047915402754,-1030.3,-0.5590556077411264,114926.57219347644,-1.7099723698865812e-15,5.386120274914089,5.608343114085842e-17,2.3515463917525774,-9.385390517449777e-17
2.523104551315804,-1029.3,-0.5539500770768238,114926.57219347644,-1.7099723698865812e-15,5.386120274914089,5.608343114085842e-17,2.3515463917525774,-9.385390517449777e-17
2.5200043110913333,-1028.3,-0.548844546412521,114926.57219347644,-1.7099723698865812e-15,5.386120274914089,5.608343114085842e-17,2.3515463917525774,-9.385390517449777e-17
2.516904070866862,-1027.3,-0.5437390157482184,114926.57219347644,-1.7099723698865812e-15,5.386120274914089,5.608343114085842e-17,2.3515463917525774,-9.385390517449777e-17
2.513803830642391,-1026.3,-0.5386334850839156,114926.57219347644,-1.7099723698865812e-15,5.386120274914089,5.608343114085842e-17,2.3515463917525774,-9.385390517449777e-17
2.51070359041792,-1025.3,-0.533527954419613,114926.57219347644,-1.7099723698865812e-15,5.386120274914089,5.608343114085842e-17,2.3515463917525774,-9.385390517449777e-17
2.507603350193449,-1024.3,-0.5284224237553102,114926.57219347644,-1.7099723698865812e-15,5.386120274914089,5.608343114085842e-17,2.3515463917525774,-9.385390517449777e-17
2.504503109968978,-1023.3,-0.5233168930910076,114926.57219347644,-1.7099723698865812e-15,5.386120274914089,5.608343114085842e-17,2.3515463917525774,-9.385390517449777e-17
2.5014028697445068,-1022.3,-0.5182113624267048,114926.57219347644,-1.7099723698865812e-15,5.386120274914089,5.608343114085842e-17,2.3515463917525774,-9.385390517449777e-17
2.498302629520036,-1021.3,-0.5131058317624022,114926.57219347644,-1.7099723698865812e-15,5.386120274914089,5.608343114085842e-17,2.3515463917525774,-9.385390517449777e-17
2.4952023892955646,-1020.3,-0.5080003010980995,114926.57219347644,-1.7099723698865812e-15,5.386120274914089,5.608343114085842e-17,2.3515463917525774,-9.385390517449777e-17
2.4921021490710937,-1019.3,-0.5028947704337968,114926.57219347644,-1.7099723698865812e-15,5.386120274914089,5.608343114085842e-17,2.3515463917525774,-9.385390517449777e-17
2.4890019088466224,-1018.3,-0.4977892397694941,114926.57219347644,-1.7099723698865812e-15,5.386120274914089,5.608343114085842e-17,2.3515463917525774,-9.385390517449777e-17
2.4859016686221516,-1017.3,-0.4926837091051914,114926.57219347644,-1.7099723698865812e-15,5.386120274914089,5.608343114085842e-17,2.3515463917525774,-9.385390517449777e-17
2.4828014283976803,-1016.3,-0.4875781784408887,114926.57219347644,-1.7099723698865812e-15,5.386120274914089,5.608343114085842e-17,2.3515463917525774,-9.385390517449777e-17
2.4797011881732094,-1015.3,-0.482472647776586,114926.57219347644,-1.7099723698865812e-15,5.386120274914089,5.608343114085842e-17,2.3515463917525774,-9.385390517449777e-17
2.476600947948738,-1014.3,-0.4773671171122833,114926.57219347644,-1.7099723698865812e-15,5.386120274914089,5.608343114085842e-17,2.3515463917525774,-9.385390517449777e-17
2.4735007077242672,-1013.3,-0.4722615864479806,114926.57219347644,-1.7099723698865812e-15,5.386120274914089,5.608343114085842e-17,2.3515463917525774,-9.385390517449777e-17
2.470400467499796,-1012.3,-0.4671560557836779,114926.57219347644,-1.7099723698865812e-15,5.386120274914089,5.608343114085842e-17,2.3515463917525774,-9.385390517449777e-17
2.467300227275325,-1011.3,-0.4620505251193752,114926.57219347644,-1.7099723698865812e-15,5.386120274914089,5.608343114085842e-17,2.3515463917525774,-9.385390517449777e-17
2.4641999870508537,-1010.3,-0.45694499445507253,114926.57219347644,-1.7099723698865812e-15,5.386120274914089,5.608343114085842e-17,2.3515463917525774,-9.385390517449777e-17
2.461099746826383,-1009.3,-0.45183946379076984,114926.57219347644,-1.7099723698865812e-15,5.386120274914089,5.608343114085842e-17,2.3515463917525774,-9.385390517449777e-17
2.4579995066019116,-1008.3,-0.44673393312646714,114926.57219347644,-1.7099723698865812e-15,5.386120274914089,5.608343114085842e-17,2.3515463917525774,-9.385390517449777e-17
2.4548992663774407,-1007.3,-0.44162840246216445,114926.57219347644,-1.7099723698865812e-15,5.386120274914089,5.608343114085842e-17,2.3515463917525774,-9.385390517449777e-17
2.4517990261529694,-1006.3,-0.43652287179786176,114926.57219347644,-1.7099723698865812e-15,5.386120274914089,5.608343114085842e-17,2.3515463917525774,-9.385390517449777e-17
2.4486987859284985,-1005.3,-0.43141734113355906,114926.57219347644,-1.7099723698865812e-15,5.386120274914089,5.608343114085842e-17,2.3515463917525774,-9.385390517449777e-17
2.4455985457040272,-1004.3,-0.42631181046925637,114926.57219347644,-1.7099723698865812e-15,5.386120274914089,5.608343114085842e-17,2.3515463917525774,-9.385390517449777e-17
2.4424983054795564,-1003.3,-0.4212062798049537,114926.57219347644,-1.7099723698865812e-15,5.386120274914089,5.608343114085842e-17,2.3515463917525774,-9.385390517449777e-17
2.439398065255085,-1002.3,-0.416100749140651,114926.57219347644,-1.7099723698865812e-15,5.386120274914089,5.608343114085842e-17,2.3515463917525774,-9.385390517449777e-17
2.436297825030614,-1001.3,-0.4109952184763483,114926.57219347644,-1.7099723698865812e-15,5.386120274914089,5.608343114085842e-17,2.3515463917525774,-9.385390517449777e-17
2.433197584806143,-1000.3,-0.4058896878120456,114926.57219347644,-1.7099723698865812e-15,5.386120274914089,5.608343114085842e-17,2.3515463917525774,-9.385390517449777e-17
2.430097344581672,-999.3,-0.4007841571477429,114926.57219347644,-1.7099723698865812e-15,5.386120274914089,5.608343114085842e-17,2.3515463917525774,-9.385390517449777e-17
2.4269971043572007,-998.3,-0.3956786264834402,114926.57219347644,-1.7099723698865812e-15,5.386120274914089,5.608343114085842e-17,2.3515463917525774,-9.385390517449777e-17
2.42389686413273,-997.3,-0.3905730958191375,114926.57219347644,-1.7099723698865812e-15,5.386120274914089,5.608343114085842e-17,2.3515463917525774,-9.385390517449777e-17
2.4207966239082586,-996.3,-0.3854675651548348,114926.57219347644,-1.7099723698865812e-15,5.386120274914089,5.608343114085842e-17,2.3515463917525774,-9.385390517449777e-17
2.4176963836837877,-995.3,-0.38036203449053213,114926.57219347644,-1.7099723698865812e-15,5.386120274914089,5.608343114085842e-17,2.3515463917525774,-9.385390517449777e-17
2.414596143459317,-994.3,-0.37525650382622944,114926.57219347644,-1.7099723698865812e-15,5.386120274914089,5.608343114085842e-17,2.3515463917525774,-9.385390517449777e-17
2.4114959032348455,-993.3,-0.37015097316192674,114926.57219347644,-1.7099723698865812e-15,5.386120274914089,5.608343114085842e-17,2.3515463917525774,-9.385390517449777e-17
2.4083956630103747,-992.3,-0.36504544249762405,114926.57219347644,-1.7099723698865812e-15,5.386120274914089,5.608343114085842e-17,2.3515463917525774,-9.385390517449777e-17
2.4052954227859034,-991.3,-0.35993991183332136,114926.57219347644,-1.7099723698865812e-15,5.386120274914089,5.608343114085842e-17,2.3515463917525774,-9.385390517449777e-17
2.4021951825614325,-990.3,-0.35483438116901866,114926.57219347644,-1.7099723698865812e-15,5.386120274914089,5.608343114085842e-17,2.3515463917525774,-9.385390517449777e-17
2.399094942336961,-989.3,-0.34972885050471597,114926.57219347644,-1.7099723698865812e-15,5.386120274914089,5.608343114085842e-17,2.3515463917525774,-9.385390517449777e-17
2.3959947021124903,-988.3,-0.3446233198404133,114926.57219347644,-1.7099723698865812e-15,5.386120274914089,5.608343114085842e-17,2.3515463917525774,-9.385390517449777e-17
2.392894461888019,-987.3,-0.3395177891761106,114926.57219347644,-1.7099723698865812e-15,5.386120274914089,5.608343114085842e-17,2.3515463917525774,-9.385390517449777e-17
2.389794221663548,-986.3,-0.3344122585118079,114926.57219347644,-1.7099723698865812e-15,5.386120274914089,5.608343114085842e-17,2.3515463917525774,-9.385390517449777e-17
2.386693981439077,-985.3,-0.3293067278475052,114926.57219347644,-1.7099723698865812e-15,5.386120274914089,5.608343114085842e-17,2.3515463917525774,-9.385390517449777e-17
2.383593741214606,-984.3,-0.3242011971832025,114926.57219347644,-1.7099723698865812e-15,5.386120274914089,5.608343114085842e-17,2.3515463917525774,-9.385390517449777e-17
2.3804935009901347,-983.3,-0.3190956665188998,114926.57219347644,-1.7099723698865812e-15,5.386120274914089,5.608343114085842e-17,2.3515463917525774,-9.385390517449777e-17
2.377393260765664,-982.3,-0.3139901358545971,114926.57219347644,-1.7099723698865812e-15,5.386120274914089,5.608343114085842e-17,2.3515463917525774,-9.385390517449777e-17
2.3742930205411925,-981.3,-0.3088846051902944,114926.57219347644,-1.7099723698865812e-15,5.386120274914089,5.608343114085842e-17,2.3515463917525774,-9.385390517449777e-17
2.3711927803167216,-980.3,-0.30377907452599173,114926.57219347644,-1.7099723698865812e-15,5.386120274914089,5.608343114085842e-17,2.3515463917525774,-9.385390517449777e-17
2.3680925400922503,-979.3,-0.29867354386168904,114926.57219347644,-1.7099723698865812e-15,5.386120274914089,5.608343114085842e-17,2.3515463917525774,-9.385390517449777e-17
2.3649922998677795,-978.3,-0.29356801319738635,114926.57219347644,-1.7099723698865812e-15,5.386120274914089,5.608343114085842e-17,2.3515463917525774,-9.385390517449777e-17
2.361892059643308,-977.3,-0.28846248253308365,114926.57219347644,-1.7099723698865812e-15,5.386120274914089,5.608343114085842e-17,2.3515463917525774,-9.385390517449777e-17
2.3587918194188373,-976.3,-0.28335695186878096,114926.57219347644,-1.7099723698865812e-15,5.386120274914089,5.608343114085842e-17,2.3515463917525774,-9.385390517449777e-17
2.355691579194366,-975.3,-0.27825142120447827,114926.57219347644,-1.7099723698865812e-15,5.386120274914089,5.608343114085842e-17,2.3515463917525774,-9.385390517449777e-17
2.352591338969895,-974.3,-0.2731458905401756,114926.57219347644,-1.7099723698865812e-15,5.386120274914089,5.608343114085842e-17,2.3515463917525774,-9.385390517449777e-17
2.349491098745424,-973.3,-0.2680403598758729,114926.57219347644,-1.7099723698865812e-15,5.386120274914089,5.608343114085842e-17,2.3515463917525774,-9.385390517449777e-17
2.346390858520953,-972.3,-0.26293482921157013,114926.57219347644,-1.7099723698865812e-15,5.386120274914089,5.608343114085842e-17,2.3515463917525774,-9.385390517449777e-17
2.3432906182964817,-971.3,-0.25782929854726744,114926.57219347644,-1.7099723698865812e-15,5.386120274914089,5.608343114085842e-17,2.3515463917525774,-9.385390517449777e-17
2.340190378072011,-970.3,-0.25272376788296474,114926.57219347644,-1.7099723698865812e-15,5.386120274914089,5.608343114085842e-17,2.3515463917525774,-9.385390517449777e-17
2.3370901378475395,-969.3,-0.24761823721866208,114926.57219347644,-1.7099723698865812e-15,5.386120274914089,5.608343114085842e-17,2.3515463917525774,-9.385390517449777e-17
2.3339898976230686,-968.3,-0.2425127065543594,114926.57219347644,-1.7099723698865812e-15,5.386120274914089,5.608343114085842e-17,2.3515463917525774,-9.385390517449777e-17
2.3308896573985978,-967.3,-0.2374071758900567,114926.57219347644,-1.7099723698865812e-15,5.386120274914089,5.608343114085842e-17,2.3515463917525774,-9.385390517449777e-17
2.3277894171741265,-966.3,-0.232301645225754,114926.57219347644,-1.7099723698865812e-15,5.386120274914089,5.608343114085842e-17,2.3515463917525774,-9.385390517449777e-17
2.3246891769496556,-965.3,-0.2271961145614513,114926.57219347644,-1.7099723698865812e-15,5.386120274914089,5.608343114085842e-17,2.3515463917525774,-9.385390517449777e-17
2.3215889367251843,-964.3,-0.2220905838971486,114926.57219347644,-1.7099723698865812e-15,5.386120274914089,5.608343114085842e-17,2.3515463917525774,-9.385390517449777e-17
2.3184886965007134,-963.3,-0.21698505323284592,114926.57219347644,-1.7099723698865812e-15,5.386120274914089,5.608343114085842e-17,2.3515463917525774,-9.385390517449777e-17
2.315388456276242,-962.3,-0.21187952256854323,114926.57219347644,-1.7099723698865812e-15,5.386120274914089,5.608343114085842e-17,2.3515463917525774,-9.385390517449777e-17
2.3122882160517713,-961.3,-0.20677399190424053,114926.57219347644,-1.7099723698865812e-15,5.386120274914089,5.608343114085842e-17,2.3515463917525774,-9.385390517449777e-17
2.3091879758273,-960.3,-0.20166846123993784,114926.57219347644,-1.7099723698865812e-15,5.386120274914089,5.608343114085842e-17,2.3515463917525774,-9.385390517449777e-17
2.306087735602829,-959.3,-0.19656293057563515,114926.57219347644,-1.7099723698865812e-15,5.386120274914089,5.608343114085842e-17,2.3515463917525774,-9.385390517449777e-17
2.302987495378358,-958.3,-0.19145739991133245,114926.57219347644,-1.7099723698865812e-15,5.386120274914089,5.608343114085842e-17,2.3515463917525774,-9.385390517449777e-17
2.299887255153887,-957.3,-0.18635186924702976,114926.57219347644,-1.7099723698865812e-15,5.386120274914089,5.608343114085842e-17,2.3515463917525774,-9.385390517449777e-17
2.2967870149294156,-956.3,-0.18124633858272707,114926.57219347644,-1.7099723698865812e-15,5.386120274914089,5.608343114085842e-17,2.3515463917525774,-9.385390517449777e-17
2.2936867747049448,-955.3,-0.17614080791842437,114926.57219347644,-1.7099723698865812e-15,5.386120274914089,5.608343114085842e-17,2.3515463917525774,-9.385390517449777e-17
2.2905865344804734,-954.3,-0.17103527725412168,114926.57219347644,-1.7099723698865812e-15,5.386120274914089,5.608343114085842e-17,2.3515463917525774,-9.385390517449777e-17
2.2874862942560026,-953.3,-0.165929746589819,114926.57219347644,-1.7099723698865812e-15,5.386120274914089,5.608343114085842e-17,2.3515463917525774,-9.385390517449777e-17
2.2843860540315313,-952.3,-0.1608242159255163,114926.57219347644,-1.7099723698865812e-15,5.386120274914089,5.608343114085842e-17,2.3515463917525774,-9.385390517449777e-17
2.2812858138070604,-951.3,-0.1557186852612136,114926.57219347644,-1.7099723698865812e-15,5.386120274914089,5.608343114085842e-17,2.3515463917525774,-9.385390517449777e-17
2.278185573582589,-950.3,-0.15061315459691088,114926.57219347644,-1.7099723698865812e-15,5.386120274914089,5.608343114085842e-17,2.3515463917525774,-9.385390517449777e-17
2.2750853333581182,-949.3,-0.1455076239326082,114926.57219347644,-1.7099723698865812e-15,5.386120274914089,5.608343114085842e-17,2.3515463917525774,-9.385390517449777e-17
2.271985093133647,-948.3,-0.1404020932683055,114926.57219347644,-1.7099723698865812e-15,5.386120274914089,5.608343114085842e-17,2.3515463917525774,-9.385390517449777e-17
2.268884852909176,-947.3,-0.1352965626040028,114926.57219347644,-1.7099723698865812e-15,5.386120274914089,5.608343114085842e-17,2.3515463917525774,-9.385390517449777e-17
2.2657846126847048,-946.3,-0.1301910319397001,114926.57219347644,-1.7099723698865812e-15,5.386120274914089,5.608343114085842e-17,2.3515463917525774,-9.385390517449777e-17
2.262684372460234,-945.3,-0.12508550127539741,114926.57219347644,-1.7099723698865812e-15,5.386120274914089,5.608343114085842e-17,2.3515463917525774,-9.385390517449777e-17
2.2595841322357626,-944.3,-0.11997997061109474,114926.57219347644,-1.7099723698865812e-15,5.386120274914089,5.608343114085842e-17,2.3515463917525774,-9.385390517449777e-17
2.2564838920112917,-943.3,-0.11487443994679204,114926.57219347644,-1.7099723698865812e-15,5.386120274914089,5.608343114085842e-17,2.3515463917525774,-9.385390517449777e-17
2.2533836517868204,-942.3,-0.10976890928248935,114926.57219347644,-1.7099723698865812e-15,5.386120274914089,5.608343114085842e-17,2.3515463917525774,-9.385390517449777e-17
2.2502834115623496,-941.3,-0.10466337861818666,114926.57219347644,-1.7099723698865812e-15,5.386120274914089,5.608343114085842e-17,2.3515463917525774,-9.385390517449777e-17
2.2471831713378787,-940.3,-0.09955784795388396,114926.57219347644,-1.7099723698865812e-15,5.386120274914089,5.608343114085842e-17,2.3515463917525774,-9.385390517449777e-17
2.2440829311134074,-939.3,-0.09445231728958126,114926.57219347644,-1.7099723698865812e-15,5.386120274914089,5.608343114085842e-17,2.3515463917525774,-9.385390517449777e-17
2.2409826908889365,-938.3,-0.08934678662527856,114926.57219347644,-1.7099723698865812e-15,5.386120274914089,5.608343114085842e-17,2.3515463917525774,-9.385390517449777e-17
2.2378824506644652,-937.3,-0.08424125596097587,114926.57219347644,-1.7099723698865812e-15,5.386120274914089,5.608343114085842e-17,2.3515463917525774,-9.385390517449777e-17
2.2347822104399944,-936.3,-0.07913572529667318,114926.57219347644,-1.7099723698865812e-15,5.386120274914089,5.608343114085842e-17,2.3515463917525774,-9.385390517449777e-17
2.231681970215523,-935.3,-0.07403019463237048,114926.57219347644,-1.7099723698865812e-15,5.386120274914089,5.608343114085842e-17,2.3515463917525774,-9.385390517449777e-17
2.228581729991052,-934.3,-0.06892466396806779,114926.57219347644,-1.7099723698865812e-15,5.386120274914089,5.608343114085842e-17,2.3515463917525774,-9.385390517449777e-17
2.225481489766581,-933.3,-0.0638191333037651,114926.57219347644,-1.7099723698865812e-15,5.386120274914089,5.608343114085842e-17,2.3515463917525774,-9.385390517449777e-17
2.22238124954211,-932.3,-0.0587136026394624,114926.57219347644,-1.7099723698865812e-15,5.386120274914089,5.608343114085842e-17,2.3515463917525774,-9.385390517449777e-17
2.2192810093176387,-931.3,-0.05360807197515971,114926.57219347644,-1.7099723698865812e-15,5.386120274914089,5.608343114085842e-17,2.3515463917525774,-9.385390517449777e-17
2.216180769093168,-930.3,-0.04850254131085702,114926.57219347644,-1.7099723698865812e-15,5.386120274914089,5.608343114085842e-17,2.3515463917525774,-9.385390517449777e-17
2.2130805288686966,-929.3,-0.043397010646554324,114926.57219347644,-1.7099723698865812e-15,5.386120274914089,5.608343114085842e-17,2.3515463917525774,-9.385390517449777e-17
2.2099802886442257,-928.3,-0.03829147998225163,114926.57219347644,-1.7099723698865812e-15,5.386120274914089,5.608343114085842e-17,2.3515463917525774,-9.385390517449777e-17
2.2068800484197544,-927.3,-0.03318594931794894,114926.57219347644,-1.7099723698865812e-15,5.386120274914089,5.608343114085842e-17,2.3515463917525774,-9.385390517449777e-17
2.2037798081952835,-926.3,-0.02808041865364624,114926.57219347644,-1.7099723698865812e-15,5.386120274914089,5.608343114085842e-17,2.3515463917525774,-9.385390517449777e-17
2.200679567970812,-925.3,-0.022974887989343547,114926.57219347644,-1.7099723698865812e-15,5.386120274914089,5.608343114085842e-17,2.3515463917525774,-9.385390517449777e-17
2.1975793277463413,-924.3,-0.017869357325040854,114926.57219347644,-1.7099723698865812e-15,5.386120274914089,5.608343114085842e-17,2.3515463917525774,-9.385390517449777e-17
2.19447908752187,-923.3,-0.012763826660738161,114926.57219347644,-1.7099723698865812e-15,5.386120274914089,5.608343114085842e-17,2.3515463917525774,-9.385390517449777e-17
2.191378847297399,-922.3,-0.007658295996435467,114926.57219347644,-1.7099723698865812e-15,5.386120274914089,5.608343114085842e-17,2.3515463917525774,-9.385390517449777e-17
2.188278607072928,-921.3,-0.002552765332132773,114926.57219347644,-1.7099723698865812e-15,5.386120274914089,5.608343114085842e-17,2.3515463917525774,-9.385390517449777e-17
2.185178366848457,-920.3,0.0025527653321699207,114926.57219347644,-1.7099723698865812e-15,5.386120274914089,5.608343114085842e-17,2.3515463917525774,-9.385390517449777e-17
2.1820781266239857,-919.3,0.007658295996472614,114926.57219347644,-1.7099723698865812e-15,5.386120274914089,5.608343114085842e-17,2.3515463917525774,-9.385390517449777e-17
2.178977886399515,-918.3,0.012763826660775308,114926.57219347644,-1.7099723698865812e-15,5.386120274914089,5.608343114085842e-17,2.3515463917525774,-9.385390517449777e-17
2.1758776461750435,-917.3,0.017869357325078,114926.57219347644,-1.7099723698865812e-15,5.386120274914089,5.608343114085842e-17,2.3515463917525774,-9.385390517449777e-17
2.1727774059505727,-916.3,0.022974887989380695,114926.57219347644,-1.7099723698865812e-15,5.386120274914089,5.608343114085842e-17,2.3515463917525774,-9.385390517449777e-17
2.1696771657261014,-915.3,0.02808041865368339,114926.57219347644,-1.7099723698865812e-15,5.386120274914089,5.608343114085842e-17,2.3515463917525774,-9.385390517449777e-17
2.1665769255016305,-914.3,0.03318594931798608,114926.57219347644,-1.7099723698865812e-15,5.386120274914089,5.608343114085842e-17,2.3515463917525774,-9.385390517449777e-17
2.163476685277159,-913.3,0.038291479982288774,114926.57219347644,-1.7099723698865812e-15,5.386120274914089,5.608343114085842e-17,2.3515463917525774,-9.385390517449777e-17
2.1603764450526883,-912.3,0.043397010646591475,114926.57219347644,-1.7099723698865812e-15,5.386120274914089,5.608343114085842e-17,2.3515463917525774,-9.385390517449777e-17
2.1572762048282175,-911.3,0.04850254131089417,114926.57219347644,-1.7099723698865812e-15,5.386120274914089,5.608343114085842e-17,2.3515463917525774,-9.385390517449777e-17
2.154175964603746,-910.3,0.05360807197519686,114926.57219347644,-1.7099723698865812e-15,5.386120274914089,5.608343114085842e-17,2.3515463917525774,-9.385390517449777e-17
2.1510757243792753,-909.3,0.058713602639499554,114926.57219347644,-1.7099723698865812e-15,5.386120274914089,5.608343114085842e-17,2.3515463917525774,-9.385390517449777e-17
2.147975484154804,-908.3,0.06381913330380225,114926.57219347644,-1.7099723698865812e-15,5.386120274914089,5.608343114085842e-17,2.3515463917525774,-9.385390517449777e-17
2.144875243930333,-907.3,0.06892466396810494,114926.57219347644,-1.7099723698865812e-15,5.386120274914089,5.608343114085842e-17,2.3515463917525774,-9.385390517449777e-17
2.141775003705862,-906.3,0.07403019463240763,114926.57219347644,-1.7099723698865812e-15,5.386120274914089,5.608343114085842e-17,2.3515463917525774,-9.385390517449777e-17
2.138674763481391,-905.3,0.07913572529671033,114926.57219347644,-1.7099723698865812e-15,5.386120274914089,5.608343114085842e-17,2.3515463917525774,-9.385390517449777e-17
2.1355745232569197,-904.3,0.08424125596101302,114926.57219347644,-1.7099723698865812e-15,5.386120274914089,5.608343114085842e-17,2.3515463917525774,-9.385390517449777e-17
2.132474283032449,-903.3,0.08934678662531571,114926.57219347644,-1.7099723698865812e-15,5.386120274914089,5.608343114085842e-17,2.3515463917525774,-9.385390517449777e-17
2.1293740428079775,-902.3,0.0944523172896184,114926.57219347644,-1.7099723698865812e-15,5.386120274914089,5.608343114085842e-17,2.3515463917525774,-9.385390517449777e-17
2.1262738025835066,-901.3,0.0995578479539211,114926.57219347644,-1.7099723698865812e-15,5.386120274914089,5.608343114085842e-17,2.3515463917525774,-9.385390517449777e-17
2.1231735623590353,-900.3,0.10466337861822379,114926.57219347644,-1.7099723698865812e-15,5.386120274914089,5.608343114085842e-17,2.3515463917525774,-9.385390517449777e-17
2.1200733221345645,-899.3,0.10976890928252649,114926.57219347644,-1.7099723698865812e-15,5.386120274914089,5.608343114085842e-17,2.3515463917525774,-9.385390517449777e-17
2.116973081910093,-898.3,0.11487443994682918,114926.57219347644,-1.7099723698865812e-15,5.386120274914089,5.608343114085842e-17,2.3515463917525774,-9.385390517449777e-17
2.1138728416856223,-897.3,0.11997997061113187,114926.57219347644,-1.7099723698865812e-15,5.386120274914089,5.608343114085842e-17,2.3515463917525774,-9.385390517449777e-17
2.110772601461151,-896.3,0.12508550127543458,114926.57219347644,-1.7099723698865812e-15,5.386120274914089,5.608343114085842e-17,2.3515463917525774,-9.385390517449777e-17
2.10767236123668,-895.3,0.13019103193973727,114926.57219347644,-1.7099723698865812e-15,5.386120274914089,5.608343114085842e-17,2.3515463917525774,-9.385390517449777e-17
2.104572121012209,-894.3,0.13529656260403997,114926.57219347644,-1.7099723698865812e-15,5.386120274914089,5.608343114085842e-17,2.3515463917525774,-9.385390517449777e-17
2.101471880787738,-893.3,0.14040209326834266,114926.57219347644,-1.7099723698865812e-15,5.386120274914089,5.608343114085842e-17,2.3515463917525774,-9.385390517449777e-17
2.0983716405632666,-892.3,0.14550762393264535,114926.57219347644,-1.7099723698865812e-15,5.386120274914089,5.608343114085842e-17,2.3515463917525774,-9.385390517449777e-17
2.0952714003387958,-891.3,0.15061315459694805,114926.57219347644,-1.7099723698865812e-15,5.386120274914089,5.608343114085842e-17,2.3515463917525774,-9.385390517449777e-17
2.0921711601143245,-890.3,0.15571868526125074,114926.57219347644,-1.7099723698865812e-15,5.386120274914089,5.608343114085842e-17,2.3515463917525774,-9.385390517449777e-17
2.0890709198898536,-889.3,0.16082421592555343,114926.57219347644,-1.7099723698865812e-15,5.386120274914089,5.608343114085842e-17,2.3515463917525774,-9.385390517449777e-17
2.0859706796653823,-888.3,0.16592974658985613,114926.57219347644,-1.7099723698865812e-15,5.386120274914089,5.608343114085842e-17,2.3515463917525774,-9.385390517449777e-17
2.0828704394409114,-887.3,0.17103527725415882,114926.57219347644,-1.7099723698865812e-15,5.386120274914089,5.608343114085842e-17,2.3515463917525774,-9.385390517449777e-17
2.07977019921644,-886.3,0.1761408079184615,114926.57219347644,-1.7099723698865812e-15,5.386120274914089,5.608343114085842e-17,2.3515463917525774,-9.385390517449777e-17
2.0766699589919693,-885.3,0.1812463385827642,114926.57219347644,-1.7099723698865812e-15,5.386120274914089,5.608343114085842e-17,2.3515463917525774,-9.385390517449777e-17
2.0735697187674984,-884.3,0.1863518692470669,114926.57219347644,-1.7099723698865812e-15,5.386120274914089,5.608343114085842e-17,2.3515463917525774,-9.385390517449777e-17
2.070469478543027,-883.3,0.1914573999113696,114926.57219347644,-1.7099723698865812e-15,5.386120274914089,5.608343114085842e-17,2.3515463917525774,-9.385390517449777e-17
2.0673692383185562,-882.3,0.19656293057567228,114926.57219347644,-1.7099723698865812e-15,5.386120274914089,5.608343114085842e-17,2.3515463917525774,-9.385390517449777e-17
2.064268998094085,-881.3,0.20166846123997498,114926.57219347644,-1.7099723698865812e-15,5.386120274914089,5.608343114085842e-17,2.3515463917525774,-9.385390517449777e-17
2.061168757869614,-880.3,0.20677399190427767,114926.57219347644,-1.7099723698865812e-15,5.386120274914089,5.608343114085842e-17,2.3515463917525774,-9.385390517449777e-17
2.0580685176451428,-879.3,0.21187952256858036,114926.57219347644,-1.7099723698865812e-15,5.386120274914089,5.608343114085842e-17,2.3515463917525774,-9.385390517449777e-17
2.054968277420672,-878.3,0.21698505323288306,114926.57219347644,-1.7099723698865812e-15,5.386120274914089,5.608343114085842e-17,2.3515463917525774,-9.385390517449777e-17
2.0518680371962006,-877.3,0.22209058389718575,114926.57219347644,-1.7099723698865812e-15,5.386120274914089,5.608343114085842e-17,2.3515463917525774,-9.385390517449777e-17
2.0487677969717297,-876.3,0.22719611456148844,114926.57219347644,-1.7099723698865812e-15,5.386120274914089,5.608343114085842e-17,2.3515463917525774,-9.385390517449777e-17
2.0456675567472584,-875.3,0.23230164522579114,114926.57219347644,-1.7099723698865812e-15,5.386120274914089,5.608343114085842e-17,2.3515463917525774,-9.385390517449777e-17
2.0425673165227876,-874.3,0.23740717589009383,114926.57219347644,-1.7099723698865812e-15,5.386120274914089,5.608343114085842e-17,2.3515463917525774,-9.385390517449777e-17
2.0394670762983163,-873.3,0.24251270655439652,114926.57219347644,-1.7099723698865812e-15,5.386120274914089,5.608343114085842e-17,2.3515463917525774,-9.385390517449777e-17
2.0363668360738454,-872.3,0.24761823721869922,114926.57219347644,-1.7099723698865812e-15,5.386120274914089,5.608343114085842e-17,2.3515463917525774,-9.385390517449777e-17
2.033266595849374,-871.3,0.25272376788300194,114926.57219347644,-1.7099723698865812e-15,5.386120274914089,5.608343114085842e-17,2.3515463917525774,-9.385390517449777e-17
2.030166355624903,-870.3,0.25782929854730463,114926.57219347644,-1.7099723698865812e-15,5.386120274914089,5.608343114085842e-17,2.3515463917525774,-9.385390517449777e-17
2.027066115400432,-869.3,0.2629348292116073,114926.57219347644,-1.7099723698865812e-15,5.386120274914089,5.608343114085842e-17,2.3515463917525774,-9.385390517449777e-17
2.023965875175961,-868.3,0.26804035987591,114926.57219347644,-1.7099723698865812e-15,5.386120274914089,5.608343114085842e-17,2.3515463917525774,-9.385390517449777e-17
2.0208656349514897,-867.3,0.2731458905402127,114926.57219347644,-1.7099723698865812e-15,5.386120274914089,5.608343114085842e-17,2.3515463917525774,-9.385390517449777e-17
2.017765394727019,-866.3,0.2782514212045154,114926.57219347644,-1.7099723698865812e-15,5.386120274914089,5.608343114085842e-17,2.3515463917525774,-9.385390517449777e-17
2.0146651545025476,-865.3,0.2833569518688181,114926.57219347644,-1.7099723698865812e-15,5.386120274914089,5.608343114085842e-17,2.3515463917525774,-9.385390517449777e-17
2.0115649142780767,-864.3,0.2884624825331208,114926.57219347644,-1.7099723698865812e-15,5.386120274914089,5.608343114085842e-17,2.3515463917525774,-9.385390517449777e-17
2.0084646740536054,-863.3,0.2935680131974235,114926.57219347644,-1.7099723698865812e-15,5.386120274914089,5.608343114085842e-17,2.3515463917525774,-9.385390517449777e-17
2.0053644338291345,-862.3,0.2986735438617262,114926.57219347644,-1.7099723698865812e-15,5.386120274914089,5.608343114085842e-17,2.3515463917525774,-9.385390517449777e-17
2.0022641936046632,-861.3,0.30377907452602887,114926.57219347644,-1.7099723698865812e-15,5.386120274914089,5.608343114085842e-17,2.3515463917525774,-9.385390517449777e-17
1.9991639533801926,-860.3,0.30888460519033156,114926.57219347644,-1.7099723698865812e-15,5.386120274914089,5.608343114085842e-17,2.3515463917525774,-9.385390517449777e-17
1.9960637131557215,-859.3,0.31399013585463426,114926.57219347644,-1.7099723698865812e-15,5.386120274914089,5.608343114085842e-17,2.3515463917525774,-9.385390517449777e-17
1.9929634729312504,-858.3,0.31909566651893695,114926.57219347644,-1.7099723698865812e-15,5.386120274914089,5.608343114085842e-17,2.3515463917525774,-9.385390517449777e-17
1.9898632327067793,-857.3,0.32420119718323964,114926.57219347644,-1.7099723698865812e-15,5.386120274914089,5.608343114085842e-17,2.3515463917525774,-9.385390517449777e-17
1.9867629924823083,-856.3,0.32930672784754234,114926.57219347644,-1.7099723698865812e-15,5.386120274914089,5.608343114085842e-17,2.3515463917525774,-9.385390517449777e-17
1.9836627522578372,-855.3,0.33441225851184503,114926.57219347644,-1.7099723698865812e-15,5.386120274914089,5.608343114085842e-17,2.3515463917525774,-9.385390517449777e-17
1.980562512033366,-854.3,0.3395177891761477,114926.57219347644,-1.7099723698865812e-15,5.386120274914089,5.608343114085842e-17,2.3515463917525774,-9.385390517449777e-17
1.977462271808895,-853.3,0.3446233198404504,114926.57219347644,-1.7099723698865812e-15,5.386120274914089,5.608343114085842e-17,2.3515463917525774,-9.385390517449777e-17
1.974362031584424,-852.3,0.3497288505047531,114926.57219347644,-1.7099723698865812e-15,5.386120274914089,5.608343114085842e-17,2.3515463917525774,-9.385390517449777e-17
1.9712617913599528,-851.3,0.3548343811690558,114926.57219347644,-1.7099723698865812e-15,5.386120274914089,5.608343114085842e-17,2.3515463917525774,-9.385390517449777e-17
1.9681615511354817,-850.3,0.3599399118333585,114926.57219347644,-1.7099723698865812e-15,5.386120274914089,5.608343114085842e-17,2.3515463917525774,-9.385390517449777e-17
1.9650613109110107,-849.3,0.3650454424976612,114926.57219347644,-1.7099723698865812e-15,5.386120274914089,5.608343114085842e-17,2.3515463917525774,-9.385390517449777e-17
1.9619610706865396,-848.3,0.3701509731619639,114926.57219347644,-1.7099723698865812e-15,5.386120274914089,5.608343114085842e-17,2.3515463917525774,-9.385390517449777e-17
1.9588608304620685,-847.3,0.3752565038262666,114926.57219347644,-1.7099723698865812e-15,5.386120274914089,5.608343114085842e-17,2.3515463917525774,-9.385390517449777e-17
1.9557605902375974,-846.3,0.38036203449056927,114926.57219347644,-1.7099723698865812e-15,5.386120274914089,5.608343114085842e-17,2.3515463917525774,-9.385390517449777e-17
1.9526603500131263,-845.3,0.38546756515487196,114926.57219347644,-1.7099723698865812e-15,5.386120274914089,5.608343114085842e-17,2.3515463917525774,-9.385390517449777e-17
1.9495601097886555,-844.3,0.39057309581917465,114926.57219347644,-1.7099723698865812e-15,5.386120274914089,5.608343114085842e-17,2.3515463917525774,-9.385390517449777e-17
1.9464598695641844,-843.3,0.39567862648347735,114926.57219347644,-1.7099723698865812e-15,5.386120274914089,5.608343114085842e-17,2.3515463917525774,-9.385390517449777e-17
1.9433596293397133,-842.3,0.40078415714778004,114926.57219347644,-1.7099723698865812e-15,5.386120274914089,5.608343114085842e-17,2.3515463917525774,-9.385390517449777e-17
1.9402593891152422,-841.3,0.40588968781208273,114926.57219347644,-1.7099723698865812e-15,5.386120274914089,5.608343114085842e-17,2.3515463917525774,-9.385390517449777e-17
1.9371591488907711,-840.3,0.4109952184763854,114926.57219347644,-1.7099723698865812e-15,5.386120274914089,5.608343114085842e-17,2.3515463917525774,-9.385390517449777e-17
1.9340589086663,-839.3,0.4161007491406881,114926.57219347644,-1.7099723698865812e-15,5.386120274914089,5.608343114085842e-17,2.3515463917525774,-9.385390517449777e-17
1.930958668441829,-838.3,0.4212062798049908,114926.57219347644,-1.7099723698865812e-15,5.386120274914089,5.608343114085842e-17,2.3515463917525774,-9.385390517449777e-17
1.9278584282173579,-837.3,0.4263118104692935,114926.57219347644,-1.7099723698865812e-15,5.386120274914089,5.608343114085842e-17,2.3515463917525774,-9.385390517449777e-17
1.9247581879928868,-836.3,0.4314173411335962,114926.57219347644,-1.7099723698865812e-15,5.386120274914089,5.608343114085842e-17,2.3515463917525774,-9.385390517449777e-17
1.9216579477684157,-835.3,0.4365228717978989,114926.57219347644,-1.7099723698865812e-15,5.386120274914089,5.608343114085842e-17,2.3515463917525774,-9.385390517449777e-17
1.9185577075439446,-834.3,0.4416284024622016,114926.57219347644,-1.7099723698865812e-15,5.386120274914089,5.608343114085842e-17,2.3515463917525774,-9.385390517449777e-17
1.9154574673194735,-833.3,0.4467339331265043,114926.57219347644,-1.7099723698865812e-15,5.386120274914089,5.608343114085842e-17,2.3515463917525774,-9.385390517449777e-17
1.9123572270950024,-832.3,0.45183946379080697,114926.57219347644,-1.7099723698865812e-15,5.386120274914089,5.608343114085842e-17,2.3515463917525774,-9.385390517449777e-17
1.9092569868705314,-831.3,0.45694499445510967,114926.57219347644,-1.7099723698865812e-15,5.386120274914089,5.608343114085842e-17,2.3515463917525774,-9.385390517449777e-17
1.9061567466460603,-830.3,0.46205052511941236,114926.57219347644,-1.7099723698865812e-15,5.386120274914089,5.608343114085842e-17,2.3515463917525774,-9.385390517449777e-17
1.9030565064215892,-829.3,0.46715605578371505,114926.57219347644,-1.7099723698865812e-15,5.386120274914089,5.608343114085842e-17,2.3515463917525774,-9.385390517449777e-17
1.899956266197118,-828.3,0.47226158644801774,114926.57219347644,-1.7099723698865812e-15,5.386120274914089,5.608343114085842e-17,2.3515463917525774,-9.385390517449777e-17
1.896856025972647,-827.3,0.47736711711232044,114926.57219347644,-1.7099723698865812e-15,5.386120274914089,5.608343114085842e-17,2.3515463917525774,-9.385390517449777e-17
1.893755785748176,-826.3,0.48247264777662313,114926.57219347644,-1.7099723698865812e-15,5.386120274914089,5.608343114085842e-17,2.3515463917525774,-9.385390517449777e-17
1.8906555455237049,-825.3,0.4875781784409258,114926.57219347644,-1.7099723698865812e-15,5.386120274914089,5.608343114085842e-17,2.3515463917525774,-9.385390517449777e-17
1.8875553052992338,-824.3,0.4926837091052285,114926.57219347644,-1.7099723698865812e-15,5.386120274914089,5.608343114085842e-17,2.3515463917525774,-9.385390517449777e-17
1.8844550650747627,-823.3,0.4977892397695312,114926.57219347644,-1.7099723698865812e-15,5.386120274914089,5.608343114085842e-17,2.3515463917525774,-9.385390517449777e-17
1.8813548248502916,-822.3,0.5028947704338339,114926.57219347644,-1.7099723698865812e-15,5.386120274914089,5.608343114085842e-17,2.3515463917525774,-9.385390517449777e-17
1.8782545846258205,-821.3,0.5080003010981367,114926.57219347644,-1.7099723698865812e-15,5.386120274914089,5.608343114085842e-17,2.3515463917525774,-9.385390517449777e-17
1.8751543444013494,-820.3,0.5131058317624393,114926.57219347644,-1.7099723698865812e-15,5.386120274914089,5.608343114085842e-17,2.3515463917525774,-9.385390517449777e-17
1.8720541041768783,-819.3,0.518211362426742,114926.57219347644,-1.7099723698865812e-15,5.386120274914089,5.608343114085842e-17,2.3515463917525774,-9.385390517449777e-17
1.8689538639524075,-818.3,0.5233168930910447,114926.57219347644,-1.7099723698865812e-15,5.386120274914089,5.608343114085842e-17,2.3515463917525774,-9.385390517449777e-17
1.8658536237279362,-817.3,0.5284224237553474,114926.57219347644,-1.7099723698865812e-15,5.386120274914089,5.608343114085842e-17,2.3515463917525774,-9.385390517449777e-17
1.8627533835034653,-816.3,0.5335279544196501,114926.57219347644,-1.7099723698865812e-15,5.386120274914089,5.608343114085842e-17,2.3515463917525774,-9.385390517449777e-17
1.859653143278994,-815.3,0.5386334850839528,114926.57219347644,-1.7099723698865812e-15,5.386120274914089,5.608343114085842e-17,2.3515463917525774,-9.385390517449777e-17
1.8565529030545231,-814.3,0.5437390157482554,114926.57219347644,-1.7099723698865812e-15,5.386120274914089,5.608343114085842e-17,2.3515463917525774,-9.385390517449777e-17
1.853452662830052,-813.3,0.5488445464125582,114926.57219347644,-1.7099723698865812e-15,5.386120274914089,5.608343114085842e-17,2.3515463917525774,-9.385390517449777e-17
1.850352422605581,-812.3,0.5539500770768608,114926.57219347644,-1.7099723698865812e-15,5.386120274914089,5.608343114085842e-17,2.3515463917525774,-9.385390517449777e-17
1.8472521823811099,-811.3,0.5590556077411636,114926.57219347644,-1.7099723698865812e-15,5.386120274914089,5.608343114085842e-17,2.3515463917525774,-9.385390517449777e-17
1.8441519421566388,-810.3,0.5641611384054662,114926.57219347644,-1.7099723698865812e-15,5.386120274914089,5.608343114085842e-17,2.3515463917525774,-9.385390517449777e-17
1.8410517019321677,-809.3,0.569266669069769,114926.57219347644,-1.7099723698865812e-15,5.386120274914089,5.608343114085842e-17,2.3515463917525774,-9.385390517449777e-17
1.8379514617076966,-808.3,0.5743721997340716,114926.57219347644,-1.7099723698865812e-15,5.386120274914089,5.608343114085842e-17,2.3515463917525774,-9.385390517449777e-17
1.8348512214832255,-807.3,0.5794777303983744,114926.57219347644,-1.7099723698865812e-15,5.386120274914089,5.608343114085842e-17,2.3515463917525774,-9.385390517449777e-17
1.8317509812587545,-806.3,0.584583261062677,114926.57219347644,-1.7099723698865812e-15,5.386120274914089,5.608343114085842e-17,2.3515463917525774,-9.385390517449777e-17
1.8286507410342834,-805.3,0.5896887917269797,114926.57219347644,-1.7099723698865812e-15,5.386120274914089,5.608343114085842e-17,2.3515463917525774,-9.385390517449777e-17
1.8255505008098123,-804.3,0.5947943223912824,114926.57219347644,-1.7099723698865812e-15,5.386120274914089,5.608343114085842e-17,2.3515463917525774,-9.385390517449777e-17
1.8224502605853412,-803.3,0.5998998530555851,114926.57219347644,-1.7099723698865812e-15,5.386120274914089,5.608343114085842e-17,2.3515463917525774,-9.385390517449777e-17
1.8193500203608701,-802.3,0.6050053837198878,114926.57219347644,-1.7099723698865812e-15,5.386120274914089,5.608343114085842e-17,2.3515463917525774,-9.385390517449777e-17
1.816249780136399,-801.3,0.6101109143841905,114926.57219347644,-1.7099723698865812e-15,5.386120274914089,5.608343114085842e-17,2.3515463917525774,-9.385390517449777e-17
1.813149539911928,-800.3,0.6152164450484932,114926.57219347644,-1.7099723698865812e-15,5.386120274914089,5.608343114085842e-17,2.3515463917525774,-9.385390517449777e-17
1.8100492996874569,-799.3,0.6203219757127959,114926.57219347644,-1.7099723698865812e-15,5.386120274914089,5.608343114085842e-17,2.3515463917525774,-9.385390517449777e-17
1.8069490594629858,-798.3,0.6254275063770985,114926.57219347644,-1.7099723698865812e-15,5.386120274914089,5.608343114085842e-17,2.3515463917525774,-9.385390517449777e-17
1.8038488192385147,-797.3,0.6305330370414013,114926.57219347644,-1.7099723698865812e-15,5.386120274914089,5.608343114085842e-17,2.3515463917525774,-9.385390517449777e-17
1.8007485790140436,-796.3,0.6356385677057039,114926.57219347644,-1.7099723698865812e-15,5.386120274914089,5.608343114085842e-17,2.3515463917525774,-9.385390517449777e-17
1.7976483387895725,-795.3,0.6407440983700067,114926.57219347644,-1.7099723698865812e-15,5.386120274914089,5.608343114085842e-17,2.3515463917525774,-9.385390517449777e-17
1.7945480985651014,-794.3,0.6458496290343093,114926.57219347644,-1.7099723698865812e-15,5.386120274914089,5.608343114085842e-17,2.3515463917525774,-9.385390517449777e-17
1.7914478583406304,-793.3,0.6509551596986121,114926.57219347644,-1.7099723698865812e-15,5.386120274914089,5.608343114085842e-17,2.3515463917525774,-9.385390517449777e-17
1.7883476181161595,-792.3,0.6560606903629147,114926.57219347644,-1.7099723698865812e-15,5.386120274914089,5.608343114085842e-17,2.3515463917525774,-9.385390517449777e-17
1.7852473778916882,-791.3,0.6611662210272174,114926.57219347644,-1.7099723698865812e-15,5.386120274914089,5.608343114085842e-17,2.3515463917525774,-9.385390517449777e-17
1.7821471376672173,-790.3,0.6662717516915201,114926.57219347644,-1.7099723698865812e-15,5.386120274914089,5.608343114085842e-17,2.3515463917525774,-9.385390517449777e-17
1.779046897442746,-789.3,0.6713772823558228,114926.57219347644,-1.7099723698865812e-15,5.386120274914089,5.608343114085842e-17,2.3515463917525774,-9.385390517449777e-17
1.7759466572182752,-788.3,0.6764828130201255,114926.57219347644,-1.7099723698865812e-15,5.386120274914089,5.608343114085842e-17,2.3515463917525774,-9.385390517449777e-17
1.772846416993804,-787.3,0.6815883436844282,114926.57219347644,-1.7099723698865812e-15,5.386120274914089,5.608343114085842e-17,2.3515463917525774,-9.385390517449777e-17
1.769746176769333,-786.3,0.6866938743487309,114926.57219347644,-1.7099723698865812e-15,5.386120274914089,5.608343114085842e-17,2.3515463917525774,-9.385390517449777e-17
1.766645936544862,-785.3,0.6917994050130336,114926.57219347644,-1.7099723698865812e-15,5.386120274914089,5.608343114085842e-17,2.3515463917525774,-9.385390517449777e-17
1.7635456963203908,-784.3,0.6969049356773362,114926.57219347644,-1.7099723698865812e-15,5.386120274914089,5.608343114085842e-17,2.3515463917525774,-9.385390517449777e-17
1.7604454560959197,-783.3,0.702010466341639,114926.57219347644,-1.7099723698865812e-15,5.386120274914089,5.608343114085842e-17,2.3515463917525774,-9.385390517449777e-17
1.7573452158714487,-782.3,0.7071159970059416,114926.57219347644,-1.7099723698865812e-15,5.386120274914089,5.608343114085842e-17,2.3515463917525774,-9.385390517449777e-17
1.7542449756469776,-781.3,0.7122215276702444,114926.57219347644,-1.7099723698865812e-15,5.386120274914089,5.608343114085842e-17,2.3515463917525774,-9.385390517449777e-17
1.7511447354225065,-780.3,0.717327058334547,114926.57219347644,-1.7099723698865812e-15,5.386120274914089,5.608343114085842e-17,2.3515463917525774,-9.385390517449777e-17
1.7480444951980354,-779.3,0.7224325889988498,114926.57219347644,-1.7099723698865812e-15,5.386120274914089,5.608343114085842e-17,2.3515463917525774,-9.385390517449777e-17
1.7449442549735643,-778.3,0.7275381196631524,114926.57219347644,-1.7099723698865812e-15,5.386120274914089,5.608343114085842e-17,2.3515463917525774,-9.385390517449777e-17
1.7418440147490932,-777.3,0.7326436503274552,114926.57219347644,-1.7099723698865812e-15,5.386120274914089,5.608343114085842e-17,2.3515463917525774,-9.385390517449777e-17
1.7387437745246221,-776.3,0.7377491809917578,114926.57219347644,-1.7099723698865812e-15,5.386120274914089,5.608343114085842e-17,2.3515463917525774,-9.385390517449777e-17
1.735643534300151,-775.3,0.7428547116560605,114926.57219347644,-1.7099723698865812e-15,5.386120274914089,5.608343114085842e-17,2.3515463917525774,-9.385390517449777e-17
1.73254329407568,-774.3,0.7479602423203632,114926.57219347644,-1.7099723698865812e-15,5.386120274914089,5.608343114085842e-17,2.3515463917525774,-9.385390517449777e-17
1.7294430538512089,-773.3,0.7530657729846659,114926.57219347644,-1.7099723698865812e-15,5.386120274914089,5.608343114085842e-17,2.3515463917525774,-9.385390517449777e-17
1.7263428136267378,-772.3,0.7581713036489686,114926.57219347644,-1.7099723698865812e-15,5.386120274914089,5.608343114085842e-17,2.3515463917525774,-9.385390517449777e-17
1.7232425734022667,-771.3,0.7632768343132713,114926.57219347644,-1.7099723698865812e-15,5.386120274914089,5.608343114085842e-17,2.3515463917525774,-9.385390517449777e-17
1.7201423331777956,-770.3,0.768382364977574,114926.57219347644,-1.7099723698865812e-15,5.386120274914089,5.608343114085842e-17,2.3515463917525774,-9.385390517449777e-17
1.7170420929533246,-769.3,0.7734878956418767,114926.57219347644,-1.7099723698865812e-15,5.386120274914089,5.608343114085842e-17,2.3515463917525774,-9.385390517449777e-17
1.7139418527288535,-768.3,0.7785934263061793,114926.57219347644,-1.7099723698865812e-15,5.386120274914089,5.608343114085842e-17,2.3515463917525774,-9.385390517449777e-17
1.7108416125043824,-767.3,0.7836989569704821,114926.57219347644,-1.7099723698865812e-15,5.386120274914089,5.608343114085842e-17,2.3515463917525774,-9.385390517449777e-17
1.7077413722799115,-766.3,0.7888044876347847,114926.57219347644,-1.7099723698865812e-15,5.386120274914089,5.608343114085842e-17,2.3515463917525774,-9.385390517449777e-17
1.7046411320554402,-765.3,0.7939100182990875,114926.57219347644,-1.7099723698865812e-15,5.386120274914089,5.608343114085842e-17,2.3515463917525774,-9.385390517449777e-17
1.7015408918309693,-764.3,0.7990155489633901,114926.57219347644,-1.7099723698865812e-15,5.386120274914089,5.608343114085842e-17,2.3515463917525774,-9.385390517449777e-17
1.698440651606498,-763.3,0.8041210796276929,114926.57219347644,-1.7099723698865812e-15,5.386120274914089,5.608343114085842e-17,2.3515463917525774,-9.385390517449777e-17
1.6953404113820272,-762.3,0.8092266102919955,114926.57219347644,-1.7099723698865812e-15,5.386120274914089,5.608343114085842e-17,2.3515463917525774,-9.385390517449777e-17
1.692240171157556,-761.3,0.8143321409562982,114926.57219347644,-1.7099723698865812e-15,5.386120274914089,5.608343114085842e-17,2.3515463917525774,-9.385390517449777e-17
1.689139930933085,-760.3,0.8194376716206009,114926.57219347644,-1.7099723698865812e-15,5.386120274914089,5.608343114085842e-17,2.3515463917525774,-9.385390517449777e-17
1.686039690708614,-759.3,0.8245432022849036,114926.57219347644,-1.7099723698865812e-15,5.386120274914089,5.608343114085842e-17,2.3515463917525774,-9.385390517449777e-17
1.6829394504841428,-758.3,0.8296487329492063,114926.57219347644,-1.7099723698865812e-15,5.386120274914089,5.608343114085842e-17,2.3515463917525774,-9.385390517449777e-17
1.6798392102596718,-757.3,0.834754263613509,114926.57219347644,-1.7099723698865812e-15,5.386120274914089,5.608343114085842e-17,2.3515463917525774,-9.385390517449777e-17
1.6767389700352007,-756.3,0.8398597942778117,114926.57219347644,-1.7099723698865812e-15,5.386120274914089,5.608343114085842e-17,2.3515463917525774,-9.385390517449777e-17
1.6736387298107296,-755.3,0.8449653249421144,114926.57219347644,-1.7099723698865812e-15,5.386120274914089,5.608343114085842e-17,2.3515463917525774,-9.385390517449777e-17
1.6705384895862585,-754.3,0.8500708556064172,114926.57219347644,-1.7099723698865812e-15,5.386120274914089,5.608343114085842e-17,2.3515463917525774,-9.385390517449777e-17
1.6674382493617874,-753.3,0.8551763862707198,114926.57219347644,-1.7099723698865812e-15,5.386120274914089,5.608343114085842e-17,2.3515463917525774,-9.385390517449777e-17
1.6643380091373163,-752.3,0.8602819169350225,114926.57219347644,-1.7099723698865812e-15,5.386120274914089,5.608343114085842e-17,2.3515463917525774,-9.385390517449777e-17
1.6612377689128452,-751.3,0.8653874475993252,114926.57219347644,-1.7099723698865812e-15,5.386120274914089,5.608343114085842e-17,2.3515463917525774,-9.385390517449777e-17
1.6581375286883742,-750.3,0.8704929782636279,114926.57219347644,-1.7099723698865812e-15,5.386120274914089,5.608343114085842e-17,2.3515463917525774,-9.385390517449777e-17
1.655037288463903,-749.3,0.8755985089279306,114926.57219347644,-1.7099723698865812e-15,5.386120274914089,5.608343114085842e-17,2.3515463917525774,-9.385390517449777e-17
1.651937048239432,-748.3,0.8807040395922333,114926.57219347644,-1.7099723698865812e-15,5.386120274914089,5.608343114085842e-17,2.3515463917525774,-9.385390517449777e-17
1.648836808014961,-747.3,0.885809570256536,114926.57219347644,-1.7099723698865812e-15,5.386120274914089,5.608343114085842e-17,2.3515463917525774,-9.385390517449777e-17
1.6457365677904898,-746.3,0.8909151009208387,114926.57219347644,-1.7099723698865812e-15,5.386120274914089,5.608343114085842e-17,2.3515463917525774,-9.385390517449777e-17
1.6426363275660187,-745.3,0.8960206315851413,114926.57219347644,-1.7099723698865812e-15,5.386120274914089,5.608343114085842e-17,2.3515463917525774,-9.385390517449777e-17
1.6395360873415477,-744.3,0.9011261622494441,114926.57219347644,-1.7099723698865812e-15,5.386120274914089,5.608343114085842e-17,2.3515463917525774,-9.385390517449777e-17
1.6364358471170766,-743.3,0.9062316929137467,114926.57219347644,-1.7099723698865812e-15,5.386120274914089,5.608343114085842e-17,2.3515463917525774,-9.385390517449777e-17
1.6333356068926055,-742.3,0.9113372235780495,114926.57219347644,-1.7099723698865812e-15,5.386120274914089,5.608343114085842e-17,2.3515463917525774,-9.385390517449777e-17
1.6302353666681344,-741.3,0.9164427542423521,114926.57219347644,-1.7099723698865812e-15,5.386120274914089,5.608343114085842e-17,2.3515463917525774,-9.385390517449777e-17
1.6271351264436633,-740.3,0.9215482849066549,114926.57219347644,-1.7099723698865812e-15,5.386120274914089,5.608343114085842e-17,2.3515463917525774,-9.385390517449777e-17
1.6240348862191922,-739.3,0.9266538155709575,114926.57219347644,-1.7099723698865812e-15,5.386120274914089,5.608343114085842e-17,2.3515463917525774,-9.385390517449777e-17
1.6209346459947211,-738.3,0.9317593462352602,114926.57219347644,-1.7099723698865812e-15,5.386120274914089,5.608343114085842e-17,2.3515463917525774,-9.385390517449777e-17
1.61783440577025,-737.3,0.9368648768995629,114926.57219347644,-1.7099723698865812e-15,5.386120274914089,5.608343114085842e-17,2.3515463917525774,-9.385390517449777e-17
1.614734165545779,-736.3,0.9419704075638656,114926.57219347644,-1.7099723698865812e-15,5.386120274914089,5.608343114085842e-17,2.3515463917525774,-9.385390517449777e-17
1.6116339253213081,-735.3,0.9470759382281683,114926.57219347644,-1.7099723698865812e-15,5.386120274914089,5.608343114085842e-17,2.3515463917525774,-9.385390517449777e-17
1.6085336850968368,-734.3,0.952181468892471,114926.57219347644,-1.7099723698865812e-15,5.386120274914089,5.608343114085842e-17,2.3515463917525774,-9.385390517449777e-17
1.605433444872366,-733.3,0.9572869995567737,114926.57219347644,-1.7099723698865812e-15,5.386120274914089,5.608343114085842e-17,2.3515463917525774,-9.385390517449777e-17
1.6023332046478949,-732.3,0.9623925302210764,114926.57219347644,-1.7099723698865812e-15,5.386120274914089,5.608343114085842e-17,2.3515463917525774,-9.385390517449777e-17
1.5992329644234238,-731.3,0.967498060885379,114926.57219347644,-1.7099723698865812e-15,5.386120274914089,5.608343114085842e-17,2.3515463917525774,-9.385390517449777e-17
1.5961327241989527,-730.3,0.9726035915496818,114926.57219347644,-1.7099723698865812e-15,5.386120274914089,5.608343114085842e-17,2.3515463917525774,-9.385390517449777e-17
1.5930324839744816,-729.3,0.9777091222139844,114926.57219347644,-1.7099723698865812e-15,5.386120274914089,5.608343114085842e-17,2.3515463917525774,-9.385390517449777e-17
1.5899322437500105,-728.3,0.9828146528782872,114926.57219347644,-1.7099723698865812e-15,5.386120274914089,5.608343114085842e-17,2.3515463917525774,-9.385390517449777e-17
1.5868320035255394,-727.3,0.9879201835425898,114926.57219347644,-1.7099723698865812e-15,5.386120274914089,5.608343114085842e-17,2.3515463917525774,-9.385390517449777e-17
1.5837317633010684,-726.3,0.9930257142068926,114926.57219347644,-1.7099723698865812e-15,5.386120274914089,5.608343114085842e-17,2.3515463917525774,-9.385390517449777e-17
1.5806315230765973,-725.3,0.9981312448711952,114926.57219347644,-1.7099723698865812e-15,5.386120274914089,5.608343114085842e-17,2.3515463917525774,-9.385390517449777e-17
1.5775312828521262,-724.3,1.0032367755354978,114926.57219347644,-1.7099723698865812e-15,5.386120274914089,5.608343114085842e-17,2.3515463917525774,-9.385390517449777e-17
1.574431042627655,-723.3,1.0083423061998007,114926.57219347644,-1.7099723698865812e-15,5.386120274914089,5.608343114085842e-17,2.3515463917525774,-9.385390517449777e-17
1.571330802403184,-722.3,1.0134478368641033,114926.57219347644,-1.7099723698865812e-15,5.386120274914089,5.608343114085842e-17,2.3515463917525774,-9.385390517449777e-17
1.568230562178713,-721.3,1.018553367528406,114926.57219347644,-1.7099723698865812e-15,5.386120274914089,5.608343114085842e-17,2.3515463917525774,-9.385390517449777e-17
1.5651303219542418,-720.3,1.0236588981927086,114926.57219347644,-1.7099723698865812e-15,5.386120274914089,5.608343114085842e-17,2.3515463917525774,-9.385390517449777e-17
1.5620300817297708,-719.3,1.0287644288570115,114926.57219347644,-1.7099723698865812e-15,5.386120274914089,5.608343114085842e-17,2.3515463917525774,-9.385390517449777e-17
1.5589298415052997,-718.3,1.033869959521314,114926.57219347644,-1.7099723698865812e-15,5.386120274914089,5.608343114085842e-17,2.3515463917525774,-9.385390517449777e-17
1.5558296012808286,-717.3,1.0389754901856167,114926.57219347644,-1.7099723698865812e-15,5.386120274914089,5.608343114085842e-17,2.3515463917525774,-9.385390517449777e-17
1.5527293610563575,-716.3,1.0440810208499194,114926.57219347644,-1.7099723698865812e-15,5.386120274914089,5.608343114085842e-17,2.3515463917525774,-9.385390517449777e-17
1.5496291208318864,-715.3,1.0491865515142222,114926.57219347644,-1.7099723698865812e-15,5.386120274914089,5.608343114085842e-17,2.3515463917525774,-9.385390517449777e-17
1.5465288806074153,-714.3,1.0542920821785249,114926.57219347644,-1.7099723698865812e-15,5.386120274914089,5.608343114085842e-17,2.3515463917525774,-9.385390517449777e-17
1.5434286403829443,-713.3,1.0593976128428275,114926.57219347644,-1.7099723698865812e-15,5.386120274914089,5.608343114085842e-17,2.3515463917525774,-9.385390517449777e-17
1.5403284001584734,-712.3,1.0645031435071302,114926.57219347644,-1.7099723698865812e-15,5.386120274914089,5.608343114085842e-17,2.3515463917525774,-9.385390517449777e-17
1.537228159934002,-711.3,1.069608674171433,114926.57219347644,-1.7099723698865812e-15,5.386120274914089,5.608343114085842e-17,2.3515463917525774,-9.385390517449777e-17
1.534127919709531,-710.3,1.0747142048357357,114926.57219347644,-1.7099723698865812e-15,5.386120274914089,5.608343114085842e-17,2.3515463917525774,-9.385390517449777e-17
1.5310276794850601,-709.3,1.0798197355000383,114926.57219347644,-1.7099723698865812e-15,5.386120274914089,5.608343114085842e-17,2.3515463917525774,-9.385390517449777e-17
1.527927439260589,-708.3,1.084925266164341,114926.57219347644,-1.7099723698865812e-15,5.386120274914089,5.608343114085842e-17,2.3515463917525774,-9.385390517449777e-17
1.5248271990361177,-707.3,1.0900307968286438,114926.57219347644,-1.7099723698865812e-15,5.386120274914089,5.608343114085842e-17,2.3515463917525774,-9.385390517449777e-17
1.5217269588116469,-706.3,1.0951363274929464,114926.57219347644,-1.7099723698865812e-15,5.386120274914089,5.608343114085842e-17,2.3515463917525774,-9.385390517449777e-17
1.5186267185871758,-705.3,1.100241858157249,114926.57219347644,-1.7099723698865812e-15,5.386120274914089,5.608343114085842e-17,2.3515463917525774,-9.385390517449777e-17
1.5155264783627047,-704.3,1.1053473888215517,114926.57219347644,-1.7099723698865812e-15,5.386120274914089,5.608343114085842e-17,2.3515463917525774,-9.385390517449777e-17
1.5124262381382336,-703.3,1.1104529194858546,114926.57219347644,-1.7099723698865812e-15,5.386120274914089,5.608343114085842e-17,2.3515463917525774,-9.385390517449777e-17
1.5093259979137625,-702.3,1.1155584501501572,114926.57219347644,-1.7099723698865812e-15,5.386120274914089,5.608343114085842e-17,2.3515463917525774,-9.385390517449777e-17
1.5062257576892915,-701.3,1.1206639808144598,114926.57219347644,-1.7099723698865812e-15,5.386120274914089,5.608343114085842e-17,2.3515463917525774,-9.385390517449777e-17
1.5031255174648204,-700.3,1.1257695114787625,114926.57219347644,-1.7099723698865812e-15,5.386120274914089,5.608343114085842e-17,2.3515463917525774,-9.385390517449777e-17
1.5000252772403493,-699.3,1.1308750421430653,114926.57219347644,-1.7099723698865812e-15,5.386120274914089,5.608343114085842e-17,2.3515463917525774,-9.385390517449777e-17
1.4969250370158782,-698.3,1.135980572807368,114926.57219347644,-1.7099723698865812e-15,5.386120274914089,5.608343114085842e-17,2.3515463917525774,-9.385390517449777e-17
1.4938247967914071,-697.3,1.1410861034716706,114926.57219347644,-1.7099723698865812e-15,5.386120274914089,5.608343114085842e-17,2.3515463917525774,-9.385390517449777e-17
1.490724556566936,-696.3,1.1461916341359732,114926.57219347644,-1.7099723698865812e-15,5.386120274914089,5.608343114085842e-17,2.3515463917525774,-9.385390517449777e-17
1.487624316342465,-695.3,1.151297164800276,114926.57219347644,-1.7099723698865812e-15,5.386120274914089,5.608343114085842e-17,2.3515463917525774,-9.385390517449777e-17
1.4845240761179939,-694.3,1.1564026954645787,114926.57219347644,-1.7099723698865812e-15,5.386120274914089,5.608343114085842e-17,2.3515463917525774,-9.385390517449777e-17
1.4814238358935228,-693.3,1.1615082261288814,114926.57219347644,-1.7099723698865812e-15,5.386120274914089,5.608343114085842e-17,2.3515463917525774,-9.385390517449777e-17
1.4783235956690517,-692.3,1.166613756793184,114926.57219347644,-1.7099723698865812e-15,5.386120274914089,5.608343114085842e-17,2.3515463917525774,-9.385390517449777e-17
1.4752233554445806,-691.3,1.1717192874574869,114926.57219347644,-1.7099723698865812e-15,5.386120274914089,5.608343114085842e-17,2.3515463917525774,-9.385390517449777e-17
1.4721231152201095,-690.3,1.1768248181217895,114926.57219347644,-1.7099723698865812e-15,5.386120274914089,5.608343114085842e-17,2.3515463917525774,-9.385390517449777e-17
1.4690228749956384,-689.3,1.1819303487860922,114926.57219347644,-1.7099723698865812e-15,5.386120274914089,5.608343114085842e-17,2.3515463917525774,-9.385390517449777e-17
1.4659226347711676,-688.3,1.1870358794503948,114926.57219347644,-1.7099723698865812e-15,5.386120274914089,5.608343114085842e-17,2.3515463917525774,-9.385390517449777e-17
1.4628223945466963,-687.3,1.1921414101146977,114926.57219347644,-1.7099723698865812e-15,5.386120274914089,5.608343114085842e-17,2.3515463917525774,-9.385390517449777e-17
1.4597221543222252,-686.3,1.1972469407790003,114926.57219347644,-1.7099723698865812e-15,5.386120274914089,5.608343114085842e-17,2.3515463917525774,-9.385390517449777e-17
1.4566219140977543,-685.3,1.202352471443303,114926.57219347644,-1.7099723698865812e-15,5.386120274914089,5.608343114085842e-17,2.3515463917525774,-9.385390517449777e-17
1.4535216738732832,-684.3,1.2074580021076056,114926.57219347644,-1.7099723698865812e-15,5.386120274914089,5.608343114085842e-17,2.3515463917525774,-9.385390517449777e-17
1.450421433648812,-683.3,1.2125635327719084,114926.57219347644,-1.7099723698865812e-15,5.386120274914089,5.608343114085842e-17,2.3515463917525774,-9.385390517449777e-17
1.4473211934243408,-682.3,1.217669063436211,114926.57219347644,-1.7099723698865812e-15,5.386120274914089,5.608343114085842e-17,2.3515463917525774,-9.385390517449777e-17
1.44422095319987,-681.3,1.2227745941005137,114926.57219347644,-1.7099723698865812e-15,5.386120274914089,5.608343114085842e-17,2.3515463917525774,-9.385390517449777e-17
1.441120712975399,-680.3,1.2278801247648163,114926.57219347644,-1.7099723698865812e-15,5.386120274914089,5.608343114085842e-17,2.3515463917525774,-9.385390517449777e-17
1.4380204727509276,-679.3,1.2329856554291192,114926.57219347644,-1.7099723698865812e-15,5.386120274914089,5.608343114085842e-17,2.3515463917525774,-9.385390517449777e-17
1.4349202325264567,-678.3,1.2380911860934218,114926.57219347644,-1.7099723698865812e-15,5.386120274914089,5.608343114085842e-17,2.3515463917525774,-9.385390517449777e-17
1.4318199923019856,-677.3,1.2431967167577245,114926.57219347644,-1.7099723698865812e-15,5.386120274914089,5.608343114085842e-17,2.3515463917525774,-9.385390517449777e-17
1.4287197520775146,-676.3,1.2483022474220271,114926.57219347644,-1.7099723698865812e-15,5.386120274914089,5.608343114085842e-17,2.3515463917525774,-9.385390517449777e-17
1.4256195118530435,-675.3,1.25340777808633,114926.57219347644,-1.7099723698865812e-15,5.386120274914089,5.608343114085842e-17,2.3515463917525774,-9.385390517449777e-17
1.4225192716285724,-674.3,1.2585133087506326,114926.57219347644,-1.7099723698865812e-15,5.386120274914089,5.608343114085842e-17,2.3515463917525774,-9.385390517449777e-17
1.4194190314041013,-673.3,1.2636188394149352,114926.57219347644,-1.7099723698865812e-15,5.386120274914089,5.608343114085842e-17,2.3515463917525774,-9.385390517449777e-17
1.4163187911796302,-672.3,1.2687243700792379,114926.57219347644,-1.7099723698865812e-15,5.386120274914089,5.608343114085842e-17,2.3515463917525774,-9.385390517449777e-17
1.4132185509551591,-671.3,1.2738299007435407,114926.57219347644,-1.7099723698865812e-15,5.386120274914089,5.608343114085842e-17,2.3515463917525774,-9.385390517449777e-17
1.410118310730688,-670.3,1.2789354314078434,114926.57219347644,-1.7099723698865812e-15,5.386120274914089,5.608343114085842e-17,2.3515463917525774,-9.385390517449777e-17
1.407018070506217,-669.3,1.284040962072146,114926.57219347644,-1.7099723698865812e-15,5.386120274914089,5.608343114085842e-17,2.3515463917525774,-9.385390517449777e-17
1.4039178302817459,-668.3,1.2891464927364487,114926.57219347644,-1.7099723698865812e-15,5.386120274914089,5.608343114085842e-17,2.3515463917525774,-9.385390517449777e-17
1.4008175900572748,-667.3,1.2942520234007515,114926.57219347644,-1.7099723698865812e-15,5.386120274914089,5.608343114085842e-17,2.3515463917525774,-9.385390517449777e-17
1.3977173498328037,-666.3,1.2993575540650542,114926.57219347644,-1.7099723698865812e-15,5.386120274914089,5.608343114085842e-17,2.3515463917525774,-9.385390517449777e-17
1.3946171096083326,-665.3,1.3044630847293568,114926.57219347644,-1.7099723698865812e-15,5.386120274914089,5.608343114085842e-17,2.3515463917525774,-9.385390517449777e-17
1.3915168693838615,-664.3,1.3095686153936597,114926.57219347644,-1.7099723698865812e-15,5.386120274914089,5.608343114085842e-17,2.3515463917525774,-9.385390517449777e-17
1.3884166291593905,-663.3,1.3146741460579623,114926.57219347644,-1.7099723698865812e-15,5.386120274914089,5.608343114085842e-17,2.3515463917525774,-9.385390517449777e-17
1.3853163889349194,-662.3,1.319779676722265,114926.57219347644,-1.7099723698865812e-15,5.386120274914089,5.608343114085842e-17,2.3515463917525774,-9.385390517449777e-17
1.3822161487104483,-661.3,1.3248852073865676,114926.57219347644,-1.7099723698865812e-15,5.386120274914089,5.608343114085842e-17,2.3515463917525774,-9.385390517449777e-17
1.3791159084859772,-660.3,1.3299907380508704,114926.57219347644,-1.7099723698865812e-15,5.386120274914089,5.608343114085842e-17,2.3515463917525774,-9.385390517449777e-17
1.3760156682615061,-659.3,1.335096268715173,114926.57219347644,-1.7099723698865812e-15,5.386120274914089,5.608343114085842e-17,2.3515463917525774,-9.385390517449777e-17
1.372915428037035,-658.3,1.3402017993794757,114926.57219347644,-1.7099723698865812e-15,5.386120274914089,5.608343114085842e-17,2.3515463917525774,-9.385390517449777e-17
1.3698151878125642,-657.3,1.3453073300437783,114926.57219347644,-1.7099723698865812e-15,5.386120274914089,5.608343114085842e-17,2.3515463917525774,-9.385390517449777e-17
1.3667149475880929,-656.3,1.3504128607080812,114926.57219347644,-1.7099723698865812e-15,5.386120274914089,5.608343114085842e-17,2.3515463917525774,-9.385390517449777e-17
1.3636147073636218,-655.3,1.3555183913723838,114926.57219347644,-1.7099723698865812e-15,5.386120274914089,5.608343114085842e-17,2.3515463917525774,-9.385390517449777e-17
1.360514467139151,-654.3,1.3606239220366865,114926.57219347644,-1.7099723698865812e-15,5.386120274914089,5.608343114085842e-17,2.3515463917525774,-9.385390517449777e-17
1.3574142269146798,-653.3,1.3657294527009891,114926.57219347644,-1.7099723698865812e-15,5.386120274914089,5.608343114085842e-17,2.3515463917525774,-9.385390517449777e-17
1.3543139866902085,-652.3,1.370834983365292,114926.57219347644,-1.7099723698865812e-15,5.386120274914089,5.608343114085842e-17,2.3515463917525774,-9.385390517449777e-17
1.3512137464657377,-651.3,1.3759405140295946,114926.57219347644,-1.7099723698865812e-15,5.386120274914089,5.608343114085842e-17,2.3515463917525774,-9.385390517449777e-17
1.3481135062412666,-650.3,1.3810460446938972,114926.57219347644,-1.7099723698865812e-15,5.386120274914089,5.608343114085842e-17,2.3515463917525774,-9.385390517449777e-17
1.3450132660167955,-649.3,1.3861515753581999,114926.57219347644,-1.7099723698865812e-15,5.386120274914089,5.608343114085842e-17,2.3515463917525774,-9.385390517449777e-17
1.3419130257923242,-648.3,1.3912571060225027,114926.57219347644,-1.7099723698865812e-15,5.386120274914089,5.608343114085842e-17,2.3515463917525774,-9.385390517449777e-17
1.3388127855678533,-647.3,1.3963626366868054,114926.57219347644,-1.7099723698865812e-15,5.386120274914089,5.608343114085842e-17,2.3515463917525774,-9.385390517449777e-17
1.3357125453433822,-646.3,1.401468167351108,114926.57219347644,-1.7099723698865812e-15,5.386120274914089,5.608343114085842e-17,2.3515463917525774,-9.385390517449777e-17
1.3326123051189112,-645.3,1.4065736980154107,114926.57219347644,-1.7099723698865812e-15,5.386120274914089,5.608343114085842e-17,2.3515463917525774,-9.385390517449777e-17
1.32951206489444,-644.3,1.4116792286797135,114926.57219347644,-1.7099723698865812e-15,5.386120274914089,5.608343114085842e-17,2.3515463917525774,-9.385390517449777e-17
1.326411824669969,-643.3,1.4167847593440162,114926.57219347644,-1.7099723698865812e-15,5.386120274914089,5.608343114085842e-17,2.3515463917525774,-9.385390517449777e-17
1.323311584445498,-642.3,1.4218902900083188,114926.57219347644,-1.7099723698865812e-15,5.386120274914089,5.608343114085842e-17,2.3515463917525774,-9.385390517449777e-17
1.3202113442210268,-641.3,1.4269958206726214,114926.57219347644,-1.7099723698865812e-15,5.386120274914089,5.608343114085842e-17,2.3515463917525774,-9.385390517449777e-17
1.3171111039965557,-640.3,1.4321013513369243,114926.57219347644,-1.7099723698865812e-15,5.386120274914089,5.608343114085842e-17,2.3515463917525774,-9.385390517449777e-17
1.3140108637720846,-639.3,1.437206882001227,114926.57219347644,-1.7099723698865812e-15,5.386120274914089,5.608343114085842e-17,2.3515463917525774,-9.385390517449777e-17
1.3109106235476136,-638.3,1.4423124126655296,114926.57219347644,-1.7099723698865812e-15,5.386120274914089,5.608343114085842e-17,2.3515463917525774,-9.385390517449777e-17
1.3078103833231425,-637.3,1.4474179433298322,114926.57219347644,-1.7099723698865812e-15,5.386120274914089,5.608343114085842e-17,2.3515463917525774,-9.385390517449777e-17
1.3047101430986714,-636.3,1.452523473994135,114926.57219347644,-1.7099723698865812e-15,5.386120274914089,5.608343114085842e-17,2.3515463917525774,-9.385390517449777e-17
1.3016099028742003,-635.3,1.4576290046584377,114926.57219347644,-1.7099723698865812e-15,5.386120274914089,5.608343114085842e-17,2.3515463917525774,-9.385390517449777e-17
1.2985096626497292,-634.3,1.4627345353227403,114926.57219347644,-1.7099723698865812e-15,5.386120274914089,5.608343114085842e-17,2.3515463917525774,-9.385390517449777e-17
1.2954094224252584,-633.3,1.467840065987043,114926.57219347644,-1.7099723698865812e-15,5.386120274914089,5.608343114085842e-17,2.3515463917525774,-9.385390517449777e-17
1.292309182200787,-632.3,1.4729455966513458,114926.57219347644,-1.7099723698865812e-15,5.386120274914089,5.608343114085842e-17,2.3515463917525774,-9.385390517449777e-17
1.289208941976316,-631.3,1.4780511273156485,114926.57219347644,-1.7099723698865812e-15,5.386120274914089,5.608343114085842e-17,2.3515463917525774,-9.385390517449777e-17
1.2861087017518449,-630.3,1.483156657979951,114926.57219347644,-1.7099723698865812e-15,5.386120274914089,5.608343114085842e-17,2.3515463917525774,-9.385390517449777e-17
1.283008461527374,-629.3,1.4882621886442537,114926.57219347644,-1.7099723698865812e-15,5.386120274914089,5.608343114085842e-17,2.3515463917525774,-9.385390517449777e-17
1.2799082213029027,-628.3,1.4933677193085566,114926.57219347644,-1.7099723698865812e-15,5.386120274914089,5.608343114085842e-17,2.3515463917525774,-9.385390517449777e-17
1.2768079810784316,-627.3,1.4984732499728592,114926.57219347644,-1.7099723698865812e-15,5.386120274914089,5.608343114085842e-17,2.3515463917525774,-9.385390517449777e-17
1.2737077408539608,-626.3,1.5035787806371619,114926.57219347644,-1.7099723698865812e-15,5.386120274914089,5.608343114085842e-17,2.3515463917525774,-9.385390517449777e-17
1.2706075006294897,-625.3,1.5086843113014645,114926.57219347644,-1.7099723698865812e-15,5.386120274914089,5.608343114085842e-17,2.3515463917525774,-9.385390517449777e-17
1.2675072604050184,-624.3,1.5137898419657674,114926.57219347644,-1.7099723698865812e-15,5.386120274914089,5.608343114085842e-17,2.3515463917525774,-9.385390517449777e-17
1.2644070201805475,-623.3,1.51889537263007,114926.57219347644,-1.7099723698865812e-15,5.386120274914089,5.608343114085842e-17,2.3515463917525774,-9.385390517449777e-17
1.2613067799560764,-622.3,1.5240009032943727,114926.57219347644,-1.7099723698865812e-15,5.386120274914089,5.608343114085842e-17,2.3515463917525774,-9.385390517449777e-17
1.2582065397316053,-621.3,1.5291064339586753,114926.57219347644,-1.7099723698865812e-15,5.386120274914089,5.608343114085842e-17,2.3515463917525774,-9.385390517449777e-17
1.2551062995071343,-620.3,1.5342119646229782,114926.57219347644,-1.7099723698865812e-15,5.386120274914089,5.608343114085842e-17,2.3515463917525774,-9.385390517449777e-17
1.2520060592826632,-619.3,1.5393174952872808,114926.57219347644,-1.7099723698865812e-15,5.386120274914089,5.608343114085842e-17,2.3515463917525774,-9.385390517449777e-17
1.248905819058192,-618.3,1.5444230259515834,114926.57219347644,-1.7099723698865812e-15,5.386120274914089,5.608343114085842e-17,2.3515463917525774,-9.385390517449777e-17
1.245805578833721,-617.3,1.549528556615886,114926.57219347644,-1.7099723698865812e-15,5.386120274914089,5.608343114085842e-17,2.3515463917525774,-9.385390517449777e-17
1.24270533860925,-616.3,1.554634087280189,114926.57219347644,-1.7099723698865812e-15,5.386120274914089,5.608343114085842e-17,2.3515463917525774,-9.385390517449777e-17
1.2396050983847788,-615.3,1.5597396179444916,114926.57219347644,-1.7099723698865812e-15,5.386120274914089,5.608343114085842e-17,2.3515463917525774,-9.385390517449777e-17
1.2365048581603078,-614.3,1.5648451486087942,114926.57219347644,-1.7099723698865812e-15,5.386120274914089,5.608343114085842e-17,2.3515463917525774,-9.385390517449777e-17
1.2334046179358367,-613.3,1.5699506792730968,114926.57219347644,-1.7099723698865812e-15,5.386120274914089,5.608343114085842e-17,2.3515463917525774,-9.385390517449777e-17
1.2303043777113656,-612.3,1.5750562099373997,114926.57219347644,-1.7099723698865812e-15,5.386120274914089,5.608343114085842e-17,2.3515463917525774,-9.385390517449777e-17
1.2272041374868945,-611.3,1.5801617406017023,114926.57219347644,-1.7099723698865812e-15,5.386120274914089,5.608343114085842e-17,2.3515463917525774,-9.385390517449777e-17
1.2241038972624234,-610.3,1.585267271266005,114926.57219347644,-1.7099723698865812e-15,5.386120274914089,5.608343114085842e-17,2.3515463917525774,-9.385390517449777e-17
1.2210036570379523,-609.3,1.5903728019303076,114926.57219347644,-1.7099723698865812e-15,5.386120274914089,5.608343114085842e-17,2.3515463917525774,-9.385390517449777e-17
1.2179034168134812,-608.3,1.5954783325946105,114926.57219347644,-1.7099723698865812e-15,5.386120274914089,5.608343114085842e-17,2.3515463917525774,-9.385390517449777e-17
1.2148031765890102,-607.3,1.600583863258913,114926.57219347644,-1.7099723698865812e-15,5.386120274914089,5.608343114085842e-17,2.3515463917525774,-9.385390517449777e-17
1.211702936364539,-606.3,1.6056893939232157,114926.57219347644,-1.7099723698865812e-15,5.386120274914089,5.608343114085842e-17,2.3515463917525774,-9.385390517449777e-17
1.2086026961400682,-605.3,1.6107949245875184,114926.57219347644,-1.7099723698865812e-15,5.386120274914089,5.608343114085842e-17,2.3515463917525774,-9.385390517449777e-17
1.205502455915597,-604.3,1.6159004552518212,114926.57219347644,-1.7099723698865812e-15,5.386120274914089,5.608343114085842e-17,2.3515463917525774,-9.385390517449777e-17
1.2024022156911258,-603.3,1.6210059859161239,114926.57219347644,-1.7099723698865812e-15,5.386120274914089,5.608343114085842e-17,2.3515463917525774,-9.385390517449777e-17
1.199301975466655,-602.3,1.6261115165804265,114926.57219347644,-1.7099723698865812e-15,5.386120274914089,5.608343114085842e-17,2.3515463917525774,-9.385390517449777e-17
1.1962017352421839,-601.3,1.6312170472447292,114926.57219347644,-1.7099723698865812e-15,5.386120274914089,5.608343114085842e-17,2.3515463917525774,-9.385390517449777e-17
1.1931014950177126,-600.3,1.636322577909032,114926.57219347644,-1.7099723698865812e-15,5.386120274914089,5.608343114085842e-17,2.3515463917525774,-9.385390517449777e-17
1.1900012547932417,-599.3,1.6414281085733347,114926.57219347644,-1.7099723698865812e-15,5.386120274914089,5.608343114085842e-17,2.3515463917525774,-9.385390517449777e-17
1.1869010145687706,-598.3,1.6465336392376373,114926.57219347644,-1.7099723698865812e-15,5.386120274914089,5.608343114085842e-17,2.3515463917525774,-9.385390517449777e-17
1.1838007743442995,-597.3,1.65163916990194,114926.57219347644,-1.7099723698865812e-15,5.386120274914089,5.608343114085842e-17,2.3515463917525774,-9.385390517449777e-17
1.1807005341198282,-596.3,1.6567447005662428,114926.57219347644,-1.7099723698865812e-15,5.386120274914089,5.608343114085842e-17,2.3515463917525774,-9.385390517449777e-17
1.1776002938953574,-595.3,1.6618502312305454,114926.57219347644,-1.7099723698865812e-15,5.386120274914089,5.608343114085842e-17,2.3515463917525774,-9.385390517449777e-17
1.1745000536708863,-594.3,1.666955761894848,114926.57219347644,-1.7099723698865812e-15,5.386120274914089,5.608343114085842e-17,2.3515463917525774,-9.385390517449777e-17
1.1713998134464152,-593.3,1.6720612925591507,114926.57219347644,-1.7099723698865812e-15,5.386120274914089,5.608343114085842e-17,2.3515463917525774,-9.385390517449777e-17
1.168299573221944,-592.3,1.6771668232234536,114926.57219347644,-1.7099723698865812e-15,5.386120274914089,5.608343114085842e-17,2.3515463917525774,-9.385390517449777e-17
1.165199332997473,-591.3,1.6822723538877562,114926.57219347644,-1.7099723698865812e-15,5.386120274914089,5.608343114085842e-17,2.3515463917525774,-9.385390517449777e-17
1.162099092773002,-590.3,1.6873778845520588,114926.57219347644,-1.7099723698865812e-15,5.386120274914089,5.608343114085842e-17,2.3515463917525774,-9.385390517449777e-17
1.1589988525485309,-589.3,1.6924834152163615,114926.57219347644,-1.7099723698865812e-15,5.386120274914089,5.608343114085842e-17,2.3515463917525774,-9.385390517449777e-17
1.1558986123240598,-588.3,1.6975889458806643,114926.57219347644,-1.7099723698865812e-15,5.386120274914089,5.608343114085842e-17,2.3515463917525774,-9.385390517449777e-17
1.1527983720995887,-587.3,1.702694476544967,114926.57219347644,-1.7099723698865812e-15,5.386120274914089,5.608343114085842e-17,2.3515463917525774,-9.385390517449777e-17
1.1496981318751176,-586.3,1.7078000072092696,114926.57219347644,-1.7099723698865812e-15,5.386120274914089,5.608343114085842e-17,2.3515463917525774,-9.385390517449777e-17
1.1465978916506465,-585.3,1.7129055378735722,114926.57219347644,-1.7099723698865812e-15,5.386120274914089,5.608343114085842e-17,2.3515463917525774,-9.385390517449777e-17
1.1434976514261754,-584.3,1.718011068537875,114926.57219347644,-1.7099723698865812e-15,5.386120274914089,5.608343114085842e-17,2.3515463917525774,-9.385390517449777e-17
1.1403974112017043,-583.3,1.7231165992021777,114926.57219347644,-1.7099723698865812e-15,5.386120274914089,5.608343114085842e-17,2.3515463917525774,-9.385390517449777e-17
1.1372971709772333,-582.3,1.7282221298664804,114926.57219347644,-1.7099723698865812e-15,5.386120274914089,5.608343114085842e-17,2.3515463917525774,-9.385390517449777e-17
